month,gpr,gprt,gpra,gprc_isr,gprc_sau,gprc_rus,gprc_egy,gprc_tur
1985-01-01,102.17337799072266,107.57417297363281,89.64749145507812,0.36256906390190125,0.05179557949304581,1.4071133136749268,0.07769337296485901,0.05179557949304581
1985-02-01,117.10202026367188,126.4427261352539,96.60166931152344,0.6285238862037659,0.12015897780656815,1.3679637908935547,0.11091598123311996,0.01848599687218666
1985-03-01,124.77815246582031,127.07085418701172,116.98727416992188,0.5613864064216614,0.05695224180817604,1.5051664113998413,0.17085672914981842,0.23594500124454498
1985-04-01,87.92900085449219,94.64019775390625,73.75779724121094,0.42134830355644226,0.10143570601940155,0.9051185846328735,0.12484394758939743,0.1170412003993988
1985-05-01,103.26284790039062,111.15978240966797,92.27672576904297,0.41152262687683105,0.09385603666305542,1.1623709201812744,0.04331817105412483,0.021659085527062416
1985-06-01,148.78282165527344,134.65670776367188,174.1437530517578,1.3849350214004517,0.0923289954662323,1.2387473583221436,0.20004616677761078,0.06924674659967422
1985-07-01,133.90542602539062,126.30107879638672,149.5423583984375,0.9275016784667969,0.1276378482580185,1.0806671380996704,0.10211028158664703,0.1276378482580185
1985-08-01,82.78410339355469,75.26383972167969,84.87953186035156,0.29359951615333557,0.033554233610630035,0.7298045754432678,0.05871990695595741,0.041942790150642395
1985-09-01,102.43449401855469,101.56950378417969,92.48631286621094,0.28580501675605774,0.09526833891868591,0.8891711831092834,0.08732931315898895,0.0396951399743557
1985-10-01,105.99191284179688,91.34220886230469,118.73129272460938,1.1567164659500122,0.10447761416435242,1.2388060092926025,0.7164179086685181,0.06716418266296387
1985-11-01,94.84818267822266,98.25837707519531,80.12213897705078,0.4142242968082428,0.0781555324792862,1.273935079574585,0.34388431906700134,0.03126221150159836
1985-12-01,96.4211654663086,80.3045654296875,111.21063232421875,0.7565011978149414,0.08668242394924164,1.1111111640930176,0.2600472867488861,0.0788022056221962
1986-01-01,135.36074829101562,137.66831970214844,166.0226287841797,1.043997049331665,0.09114259481430054,1.3505675792694092,0.3562847077846527,0.1325710564851761
1986-02-01,98.75003051757812,84.02117919921875,114.81560516357422,0.5237493515014648,0.09933176636695862,1.0384684801101685,0.1625428944826126,0.09933176636695862
1986-03-01,98.67667388916016,85.12946319580078,117.56116485595703,0.34338974952697754,0.10628730058670044,1.0465211868286133,0.1389910876750946,0.14716704189777374
1986-04-01,148.31385803222656,142.49339294433594,182.87278747558594,0.7469499707221985,0.2738816440105438,1.427504301071167,0.5228649973869324,0.4730682969093323
1986-05-01,117.38924407958984,126.68498992919922,114.20220947265625,0.5963565111160278,0.22873948514461517,1.1028510332107544,0.17155461013317108,0.13070827722549438
1986-06-01,96.29425048828125,106.94334411621094,80.0658187866211,0.2536409795284271,0.10636556893587112,1.0472917556762695,0.05727376788854599,0.09818360209465027
1986-07-01,94.70178985595703,99.80805206298828,83.9753189086914,0.2831888794898987,0.05148888751864433,0.9525443911552429,0.07723332941532135,0.03432592377066612
1986-08-01,103.34593963623047,104.75926971435547,99.84519958496094,0.3583034873008728,0.06666111201047897,1.1165735721588135,0.24164652824401855,0.08332639187574387
1986-09-01,117.1078872680664,106.35902404785156,126.74607849121094,0.8124743700027466,0.057447683066129684,1.2966762781143188,0.22158391773700714,0.2954452335834503
1986-10-01,96.79243469238281,109.01692199707031,77.40582275390625,0.3115974962711334,0.06839945167303085,1.4363884925842285,0.0987992063164711,0.06839945167303085
1986-11-01,109.77281951904297,124.65135192871094,89.47162628173828,0.8271035552024841,0.1670112907886505,1.01797354221344,0.10338794440031052,0.14315253496170044
1986-12-01,89.75377655029297,93.46377563476562,78.10250091552734,0.47412407398223877,0.1125040203332901,0.9964641332626343,0.09643201529979706,0.08036001026630402
1987-01-01,96.94281768798828,90.4955062866211,104.48915100097656,0.5275008082389832,0.1801222264766693,0.8427147269248962,0.09649404883384705,0.05789643153548241
1987-02-01,100.683349609375,109.72402954101562,89.29598236083984,0.5709568858146667,0.15133796632289886,0.9699387550354004,0.0963059812784195,0.05503198876976967
1987-03-01,89.60771942138672,105.55125427246094,67.09355163574219,0.4031519293785095,0.07330034673213959,1.044529914855957,0.06719198822975159,0.15270905196666718
1987-04-01,113.39408111572266,117.12814331054688,99.12645721435547,0.4577322006225586,0.046352628618478775,1.5180485248565674,0.11588156968355179,0.06373486667871475
1987-05-01,98.65091705322266,97.37140655517578,95.23518371582031,0.33898305892944336,0.17810973525047302,1.1663315296173096,0.0861821323633194,0.03447285294532776
1987-06-01,94.18240356445312,99.82925415039062,81.82940673828125,0.224573016166687,0.12410613894462585,1.2292417287826538,0.09455706179141998,0.06500797718763351
1987-07-01,98.87196350097656,107.52894592285156,88.26481628417969,0.33739790320396423,0.19533562660217285,1.136498212814331,0.047354090958833694,0.08286965638399124
1987-08-01,99.96844482421875,115.48031616210938,87.60133361816406,0.36053359508514404,0.4206225275993347,1.2258142232894897,0.07811561226844788,0.09013339877128601
1987-09-01,121.16707611083984,143.4519805908203,97.5398178100586,0.2826651334762573,0.2942024767398834,1.5806171894073486,0.08076146245002747,0.08076146245002747
1987-10-01,101.05858612060547,110.70101928710938,88.82691192626953,0.20866508781909943,0.2910328805446625,1.081763744354248,0.09335017204284668,0.054911866784095764
1987-11-01,96.15348815917969,110.79949951171875,75.88374328613281,0.2906810939311981,0.1652892529964447,1.1684240102767944,0.13109147548675537,0.03419777750968933
1987-12-01,109.85638427734375,124.4972915649414,88.26872253417969,0.3699066638946533,0.15365354716777802,1.6446619033813477,0.11381743848323822,0.05690871924161911
1988-01-01,83.20153045654297,87.14092254638672,72.89557647705078,0.420725017786026,0.12103048712015152,0.8990836143493652,0.14984726905822754,0.0922137051820755
1988-02-01,86.20614624023438,90.18925476074219,73.8230972290039,0.4377517104148865,0.07587696611881256,0.9688904285430908,0.0875503420829773,0.0700402706861496
1988-03-01,110.20651245117188,105.9420166015625,109.30101776123047,0.6177522540092468,0.1463097482919693,1.0946136713027954,0.2221740484237671,0.048769913613796234
1988-04-01,119.45051574707031,113.93638610839844,128.48338317871094,0.7396706342697144,0.29471251368522644,1.1037272214889526,0.17336030304431915,0.08668015152215958
1988-05-01,104.87347412109375,106.54883575439453,97.1541748046875,0.4477859437465668,0.08292332291603088,1.177511215209961,0.06081043556332588,0.03869755193591118
1988-06-01,79.70812225341797,74.01183319091797,81.0764389038086,0.44544684886932373,0.07330138236284256,0.7893995046615601,0.11277135461568832,0.0845785140991211
1988-07-01,83.43048095703125,70.79203796386719,96.27418518066406,0.3660585582256317,0.12001920491456985,0.8941430449485779,0.1260201632976532,0.06601056456565857
1988-08-01,84.05416107177734,73.71106719970703,93.28092193603516,0.4397279620170593,0.09967166930437088,0.7915103435516357,0.08794558793306351,0.08208255469799042
1988-09-01,74.84265899658203,72.93437957763672,74.3477783203125,0.4167361259460449,0.08890370279550552,0.7334555983543396,0.1055731475353241,0.23337222635746002
1988-10-01,73.45023345947266,71.80867004394531,65.83024597167969,0.3296341001987457,0.043951213359832764,0.6153169870376587,0.06592682003974915,0.04944511502981186
1988-11-01,68.79841613769531,55.85908508300781,77.55838012695312,0.4231393337249756,0.06376072019338608,0.7825179696083069,0.11013215780258179,0.04057500511407852
1988-12-01,90.39871978759766,82.27973937988281,94.38412475585938,0.7399875521659851,0.07343388348817825,0.8247189521789551,0.15816527605056763,0.0677851215004921
1989-01-01,89.24658966064453,89.09522247314453,82.81503295898438,0.5877053737640381,0.055767662823200226,1.0252670049667358,0.13298442959785461,0.038608383387327194
1989-02-01,91.6185531616211,88.43746948242188,91.77456665039062,0.4595460295677185,0.027851274237036705,0.970152735710144,0.12997260689735413,0.06962818652391434
1989-03-01,87.73377227783203,79.90110778808594,93.08662414550781,0.4311908185482025,0.09671569615602493,0.6689502596855164,0.13701389729976654,0.032238565385341644
1989-04-01,83.57909393310547,77.83438873291016,84.56328582763672,0.3713863790035248,0.059084195643663406,0.8229584097862244,0.08018569648265839,0.03376239538192749
1989-05-01,103.82850646972656,116.75053405761719,80.26698303222656,0.41162529587745667,0.03742048144340515,1.2598228454589844,0.08731445670127869,0.03326265141367912
1989-06-01,89.46155548095703,97.67894744873047,68.48663330078125,0.2813470959663391,0.03779289498925209,0.8398420810699463,0.0671873688697815,0.03359368443489075
1989-07-01,84.75310516357422,84.32604217529297,78.8324966430664,0.3561570644378662,0.05787552148103714,0.832517147064209,0.071231409907341,0.0356157049536705
1989-08-01,109.17729187011719,115.9572525024414,115.18624114990234,1.0252195596694946,0.14707790315151215,0.6661763787269592,0.1384262591600418,0.06488731503486633
1989-09-01,85.54584503173828,79.4195785522461,88.94374084472656,0.29785966873168945,0.13616441190242767,0.6935874819755554,0.05957193300127983,0.029785966500639915
1989-10-01,69.52467346191406,68.15611267089844,64.53548431396484,0.18201962113380432,0.0989237129688263,0.5777144432067871,0.07913896441459656,0.03165558725595474
1989-11-01,92.8287124633789,71.7497329711914,112.52256774902344,0.18918363749980927,0.12749332189559937,0.7485091686248779,0.07814106345176697,0.045239564031362534
1989-12-01,112.55352783203125,101.52501678466797,128.65443420410156,0.3151957392692566,0.04976775124669075,0.9953550100326538,0.08294624835252762,0.04562043771147728
1990-01-01,81.5440444946289,76.01142120361328,80.72607421875,0.1392928808927536,0.024581097066402435,0.9135974645614624,0.06145274266600609,0.09422753751277924
1990-02-01,77.40721130371094,81.10881042480469,65.3890380859375,0.23663882911205292,0.0669732540845871,0.8572576642036438,0.08036790788173676,0.09822744131088257
1990-03-01,67.5919418334961,68.18672180175781,59.72285842895508,0.2718657851219177,0.042721763253211975,0.807829737663269,0.07767593860626221,0.034954171627759933
1990-04-01,81.64384460449219,97.97654724121094,54.79267120361328,0.5118755102157593,0.06552006304264069,1.0319410562515259,0.09828009456396103,0.049140047281980515
1990-05-01,86.40711975097656,97.81657409667969,66.84378051757812,0.4087950587272644,0.05556437373161316,1.1430386304855347,0.10715986788272858,0.04762660712003708
1990-06-01,79.68110656738281,72.84642028808594,80.65287780761719,0.5642919540405273,0.024895232170820236,0.9335712194442749,0.14522218704223633,0.06223808228969574
1990-07-01,85.78742980957031,82.36925506591797,81.84713745117188,0.3042082190513611,0.09717762470245361,0.8407977223396301,0.10985296964645386,0.05070136860013008
1990-08-01,250.45108032226562,353.76312255859375,128.2501983642578,1.1203902959823608,3.572019100189209,1.9844551086425781,1.2568215131759644,1.0873160362243652
1990-09-01,188.66053771972656,262.1236267089844,106.9548110961914,0.975629985332489,2.4286959171295166,1.7810437679290771,1.0379042625427246,0.7140781283378601
1990-10-01,143.85256958007812,172.9463653564453,105.10758972167969,0.9145268797874451,1.215461015701294,1.2819010019302368,0.4807128608226776,0.17196232080459595
1990-11-01,158.74354553222656,201.18106079101562,115.40345764160156,0.6894049644470215,1.5924850702285767,1.3304306268692017,0.5926463603973389,0.24995967745780945
1990-12-01,153.1624298095703,194.64852905273438,103.18325805664062,0.8764733672142029,1.2650576829910278,1.1268943548202515,0.3540434241294861,0.2590561807155609
1991-01-01,379.2497863769531,360.0328063964844,479.7158508300781,3.2807493209838867,3.5646214485168457,2.372359037399292,0.9570541977882385,0.8678373098373413
1991-02-01,339.3580322265625,253.7916259765625,490.27374267578125,2.2554712295532227,3.313979387283325,2.8316211700439453,0.7548012733459473,0.5582849383354187
1991-03-01,148.61831665039062,133.98248291015625,171.39544677734375,0.8964387774467468,1.1502251625061035,0.9905853271484375,0.47482603788375854,0.4175194501876831
1991-04-01,97.760009765625,100.77496337890625,88.50554656982422,0.4056876599788666,0.3936375379562378,0.6989074349403381,0.18476863205432892,0.6547236442565918
1991-05-01,88.56902313232422,95.45738983154297,79.06768798828125,0.41215482354164124,0.22481171786785126,0.8655251264572144,0.16111506521701813,0.2510397434234619
1991-06-01,87.73383331298828,99.7988510131836,69.48858642578125,0.32149237394332886,0.16273069381713867,0.8215915560722351,0.0793808326125145,0.12304028868675232
1991-07-01,115.18467712402344,144.65106201171875,84.731201171875,0.5744276642799377,0.20662865042686462,1.0166128873825073,0.18596577644348145,0.28101494908332825
1991-08-01,113.49502563476562,133.4146728515625,87.34529113769531,0.4712190628051758,0.12186700105667114,1.7548848390579224,0.08530690521001816,0.1868627369403839
1991-09-01,117.94219207763672,154.14364624023438,74.79663848876953,0.4605550467967987,0.2699805498123169,1.6119426488876343,0.06749513745307922,0.20645570755004883
1991-10-01,100.8318099975586,122.6444320678711,77.95648193359375,0.46696582436561584,0.1130932867527008,1.0470249652862549,0.16051949560642242,0.18240852653980255
1991-11-01,100.7423324584961,120.3302230834961,77.58206176757812,0.3627522885799408,0.07332227379083633,0.933894157409668,0.06560413539409637,0.11191293597221375
1991-12-01,103.96953582763672,135.23251342773438,58.747432708740234,0.26118960976600647,0.08310578018426895,1.5790098905563354,0.05936127156019211,0.14642447233200073
1992-01-01,102.95763397216797,126.1564712524414,69.45668029785156,0.2789986729621887,0.09936938434839249,1.3032677173614502,0.09172558784484863,0.09936938434839249
1992-02-01,87.2034683227539,101.0959701538086,62.860504150390625,0.3871987462043762,0.11853022873401642,0.8613196611404419,0.10272619873285294,0.12248123437166214
1992-03-01,85.29731750488281,107.12957000732422,53.69252014160156,0.32116788625717163,0.12043795734643936,0.8430656790733337,0.11313868314027786,0.2664233446121216
1992-04-01,85.85562133789062,92.64119720458984,74.40125274658203,0.20767255127429962,0.12082766741514206,0.6494487524032593,0.12460353225469589,0.16613805294036865
1992-05-01,78.96814727783203,93.08229064941406,56.43539047241211,0.23425298929214478,0.048337917774915695,0.7585334777832031,0.026028109714388847,0.10411243885755539
1992-06-01,93.84909057617188,124.33613586425781,49.73001480102539,0.2541491687297821,0.07316415756940842,0.7894027233123779,0.08471639454364777,0.15402980148792267
1992-07-01,75.19676971435547,92.42886352539062,51.642940521240234,0.19678334891796112,0.12488174438476562,0.4276253581047058,0.12109744548797607,0.11731315404176712
1992-08-01,81.64519500732422,87.55679321289062,70.1595230102539,0.15499070286750793,0.17048977315425873,0.5502169728279114,0.09299442172050476,0.18211407959461212
1992-09-01,74.6097183227539,92.68926239013672,45.73872375488281,0.12283126264810562,0.0652541071176529,0.5450637340545654,0.049900200217962265,0.09212344884872437
1992-10-01,68.18277740478516,71.33625793457031,58.99306106567383,0.2045063078403473,0.04664178937673569,0.4843570590019226,0.0681687742471695,0.15427669882774353
1992-11-01,91.00899505615234,109.6229248046875,68.5569076538086,0.27947932481765747,0.08422664552927017,0.5742725729942322,0.09188361465930939,0.15313935279846191
1992-12-01,83.42096710205078,97.29403686523438,60.88547134399414,0.22563359141349792,0.08864176273345947,0.5399089455604553,0.10878762602806091,0.12490430474281311
1993-01-01,128.91807556152344,144.89353942871094,114.82777404785156,0.49592122435569763,0.2228051871061325,0.8516908288002014,0.1832752376794815,0.2767096757888794
1993-02-01,90.46806335449219,105.26100158691406,64.63740539550781,0.29731661081314087,0.07903353124856949,0.677430272102356,0.10537804663181305,0.15806706249713898
1993-03-01,94.24144744873047,99.9146728515625,80.28809356689453,0.33974316716194153,0.04416660964488983,0.8017938733100891,0.17326900362968445,0.08493579179048538
1993-04-01,112.72166442871094,144.0390167236328,72.71391296386719,0.21499410271644592,0.04161176085472107,1.175532341003418,0.11789999157190323,0.1941882222890854
1993-05-01,110.72975158691406,137.38629150390625,77.88386535644531,0.16125711798667908,0.0548960417509079,1.1082137823104858,0.08920606970787048,0.2401701807975769
1993-06-01,104.19525146484375,125.46405029296875,73.33211517333984,0.17957040667533875,0.06561226397752762,0.8495061993598938,0.13813108205795288,0.22446301579475403
1993-07-01,123.31478881835938,131.75840759277344,107.0821533203125,0.4565395712852478,0.06420087814331055,0.8881121277809143,0.10700146108865738,0.11056818068027496
1993-08-01,97.2416763305664,97.08562469482422,94.7355728149414,0.33724936842918396,0.06300263106822968,0.42619428038597107,0.14453545212745667,0.11859318614006042
1993-09-01,89.16477966308594,97.45659637451172,76.93018341064453,0.3456462621688843,0.09775853902101517,0.8169820308685303,0.1326722949743271,0.09775853902101517
1993-10-01,106.16590881347656,130.3068084716797,65.22377014160156,0.2127179503440857,0.04189899191260338,0.7702968120574951,0.11280497908592224,0.11925097554922104
1993-11-01,83.48017883300781,105.1309585571289,51.35593795776367,0.23685456812381744,0.04398727789521217,0.507545530796051,0.0947418287396431,0.08797455579042435
1993-12-01,79.55179595947266,97.06568145751953,50.134674072265625,0.2956185042858124,0.038711946457624435,0.5841984748840332,0.13373218476772308,0.05982755497097969
1994-01-01,83.48997497558594,93.09183502197266,65.27042388916016,0.16740117967128754,0.05466160923242569,0.6696047186851501,0.05124526098370552,0.08199241757392883
1994-02-01,117.2420654296875,148.14723205566406,76.48810577392578,0.18296252191066742,0.021955503150820732,1.075819730758667,0.08782201260328293,0.12075527012348175
1994-03-01,93.47403717041016,98.56234741210938,79.4195327758789,0.35791218280792236,0.03314001485705376,0.6197183132171631,0.07953604310750961,0.05965203046798706
1994-04-01,95.35697174072266,116.44586181640625,68.70893859863281,0.23979148268699646,0.05560382455587387,0.8757601976394653,0.10078193247318268,0.12510859966278076
1994-05-01,104.46678924560547,122.97669982910156,73.90620422363281,0.23742642998695374,0.0769127905368805,0.5584537386894226,0.13710540533065796,0.1170412003993988
1994-06-01,120.35224151611328,148.2960662841797,79.9498519897461,0.20753946900367737,0.06464344263076782,0.7008709907531738,0.1088731661438942,0.15990746021270752
1994-07-01,99.6402359008789,115.40325927734375,75.47087860107422,0.35710570216178894,0.05893977731466293,0.7315466403961182,0.07627500593662262,0.15601706504821777
1994-08-01,98.2270278930664,122.92201232910156,66.64015197753906,0.2529390752315521,0.03918774425983429,0.837192714214325,0.07837548851966858,0.09975062310695648
1994-09-01,98.89848327636719,131.31796264648438,51.336830139160156,0.16911889612674713,0.016911888495087624,0.686622679233551,0.05750042200088501,0.047353290021419525
1994-10-01,94.85363006591797,118.89933776855469,64.50569152832031,0.45350733399391174,0.31647634506225586,0.7438825368881226,0.17944535613059998,0.14681892096996307
1994-11-01,86.5298080444336,100.79308319091797,70.68946075439453,0.27944669127464294,0.03493083640933037,0.7021098136901855,0.05588933825492859,0.07684784382581711
1994-12-01,96.04750061035156,107.74173736572266,81.61609649658203,0.24449877440929413,0.035434603691101074,1.1409943103790283,0.08149959146976471,0.1417384147644043
1995-01-01,80.15467834472656,84.89913940429688,70.47705841064453,0.36393043398857117,0.025732455775141716,0.8528470993041992,0.11763408780097961,0.08087342977523804
1995-02-01,76.87532806396484,72.59407043457031,77.14599609375,0.2877237796783447,0.043957799673080444,0.6154091954231262,0.15185421705245972,0.055946290493011475
1995-03-01,82.24444580078125,79.15904235839844,79.87528991699219,0.2399774193763733,0.07411067187786102,0.6634669899940491,0.0988142266869545,0.18704122304916382
1995-04-01,99.19087982177734,93.92303466796875,99.14794158935547,0.3354838788509369,0.09585253149271011,0.6820276379585266,0.11797235161066055,0.16958525776863098
1995-05-01,87.842529296875,96.40919494628906,79.34961700439453,0.27619290351867676,0.03634117171168327,0.901261031627655,0.09812115877866745,0.10538939386606216
1995-06-01,104.60775756835938,121.57904815673828,85.1209487915039,0.2180420607328415,0.025869395583868027,0.9054288864135742,0.08869507163763046,0.12934698164463043
1995-07-01,107.64541625976562,115.32476806640625,100.19744873046875,0.2456619292497635,0.05069214105606079,0.6472996473312378,0.06628972291946411,0.1559758186340332
1995-08-01,106.93478393554688,118.4973373413086,100.7674560546875,0.2542439103126526,0.1134319007396698,0.7588202953338623,0.06649456173181534,0.08996323496103287
1995-09-01,71.20516967773438,72.98401641845703,68.81755065917969,0.12117540091276169,0.04165404289960861,0.5263556241989136,0.07952135801315308,0.049227505922317505
1995-10-01,67.74150085449219,64.2778091430664,69.12648010253906,0.17682044208049774,0.028934255242347717,0.4275839924812317,0.057868510484695435,0.038579005748033524
1995-11-01,76.33349609375,78.8126220703125,69.86588287353516,0.2763875424861908,0.08963920176029205,0.34735190868377686,0.12698887288570404,0.03734966740012169
1995-12-01,65.67205810546875,68.98201751708984,55.363800048828125,0.12733784317970276,0.06366892158985138,0.40986868739128113,0.06764823198318481,0.07162753492593765
1996-01-01,75.63492584228516,73.66007995605469,79.68246459960938,0.1785985678434372,0.0987992063164711,0.7675938606262207,0.07599939405918121,0.2165982723236084
1996-02-01,80.4209213256836,85.9759750366211,69.15779113769531,0.23086415231227875,0.06368666142225266,0.47366955876350403,0.05970624461770058,0.10349082201719284
1996-03-01,82.14761352539062,77.89100646972656,84.08819580078125,0.7858113050460815,0.09547240287065506,0.5324422717094421,0.24235302209854126,0.09914442151784897
1996-04-01,84.82862091064453,71.23197174072266,98.6463623046875,0.6510624885559082,0.05192522704601288,0.6510624885559082,0.12781594693660736,0.09985620528459549
1996-05-01,65.53082275390625,59.1929931640625,68.71073913574219,0.34405767917633057,0.06588338315486908,0.442882776260376,0.08418432623147964,0.09882508218288422
1996-06-01,69.08858489990234,72.52593231201172,61.67017364501953,0.4283773899078369,0.271653950214386,0.5502734184265137,0.18806812167167664,0.09751680493354797
1996-07-01,80.64431762695312,74.90693664550781,85.2721939086914,0.2895785868167877,0.25891733169555664,0.45991891622543335,0.06813613325357437,0.054508909583091736
1996-08-01,81.6876449584961,81.7337417602539,85.69389343261719,0.3769424855709076,0.1600227653980255,0.5938622355461121,0.09601365774869919,0.15646669268608093
1996-09-01,88.19697570800781,87.04828643798828,92.83900451660156,0.431670606136322,0.3984651565551758,0.5792502760887146,0.2545749843120575,0.4538075625896454
1996-10-01,55.586830139160156,56.879756927490234,49.54435729980469,0.2177516371011734,0.045500341802835464,0.31850239634513855,0.09100068360567093,0.09100068360567093
1996-11-01,57.34461212158203,58.0576171875,51.038421630859375,0.1730162501335144,0.07463446259498596,0.254435658454895,0.057672083377838135,0.05088713392615318
1996-12-01,74.98263549804688,80.17862701416016,66.17648315429688,0.1322951316833496,0.0680374950170517,0.4649229049682617,0.06047777459025383,0.13985484838485718
1997-01-01,54.062435150146484,53.25782775878906,55.227325439453125,0.15838298201560974,0.10181763023138046,0.2828267514705658,0.10181763023138046,0.1282147914171219
1997-02-01,50.559940338134766,54.501365661621094,43.509159088134766,0.15421898663043976,0.05140633136034012,0.3635161817073822,0.05140633136034012,0.07710949331521988
1997-03-01,58.48006057739258,56.36629867553711,59.907318115234375,0.25525230169296265,0.07526670396327972,0.3632436692714691,0.06872177869081497,0.06872177869081497
1997-04-01,62.844486236572266,62.37605667114258,61.28048324584961,0.2528999149799347,0.11127596348524094,0.3001078963279724,0.10453196614980698,0.07081197947263718
1997-05-01,53.57601547241211,53.54428482055664,49.572898864746094,0.11758173257112503,0.0457262322306633,0.35927751660346985,0.02612927369773388,0.15024332702159882
1997-06-01,39.045623779296875,36.68563461303711,38.63948059082031,0.10925976186990738,0.06145861744880676,0.2048620581626892,0.03414367511868477,0.07511609047651291
1997-07-01,47.69842529296875,47.428409576416016,43.43375015258789,0.18350493907928467,0.050973594188690186,0.23447853326797485,0.06116831302642822,0.06456655263900757
1997-08-01,48.582298278808594,46.30862808227539,49.42500305175781,0.4440898001194,0.048572320491075516,0.23245324194431305,0.11102245002985,0.04510286822915077
1997-09-01,42.6890869140625,41.63934326171875,41.08793258666992,0.26593124866485596,0.052529629319906235,0.2363833338022232,0.07551134377717972,0.04924652725458145
1997-10-01,49.746307373046875,58.68946075439453,34.460205078125,0.14311814308166504,0.0487210713326931,0.39281365275382996,0.10657734423875809,0.08526187390089035
1997-11-01,59.6933708190918,79.03630828857422,32.765533447265625,0.31051796674728394,0.18829281628131866,0.7696881890296936,0.2973044514656067,0.11231501400470734
1997-12-01,43.998268127441406,48.36233139038086,35.839134216308594,0.20353226363658905,0.08535224199295044,0.354540079832077,0.07550390809774399,0.06565557420253754
1998-01-01,53.0963020324707,59.82126998901367,42.487815856933594,0.26082420349121094,0.08591856062412262,0.4572094976902008,0.0736444815993309,0.0889870822429657
1998-02-01,77.59761810302734,101.84082794189453,45.368019104003906,0.5047095417976379,0.39540940523147583,0.7683157920837402,0.17680907249450684,0.20895618200302124
1998-03-01,57.24806213378906,65.50199890136719,44.5167121887207,0.21025581657886505,0.08468636870384216,0.417591392993927,0.06132461130619049,0.12264922261238098
1998-04-01,50.99658203125,58.76738357543945,38.00284957885742,0.16443796455860138,0.037231236696243286,0.3847227692604065,0.0434364415705204,0.07756507396697998
1998-05-01,94.4734878540039,129.79888916015625,43.802757263183594,0.375203013420105,0.04480035975575447,0.7280058264732361,0.05880047008395195,0.07560060173273087
1998-06-01,76.30907440185547,94.95468139648438,48.77885437011719,0.15277542173862457,0.06224183738231659,0.68748939037323,0.06507100909948349,0.09902110695838928
1998-07-01,54.04841613769531,64.22628021240234,38.29932403564453,0.14682967960834503,0.0659235268831253,0.3655759394168854,0.04494785889983177,0.08689919859170914
1998-08-01,97.02085876464844,83.93855285644531,123.8387451171875,0.3012515902519226,0.49690985679626465,0.6242429614067078,0.27640610933303833,0.13043883442878723
1998-09-01,62.51344299316406,68.4769515991211,55.129615783691406,0.16913072764873505,0.15746654570102692,0.4928119480609894,0.08164931833744049,0.04665675386786461
1998-10-01,54.403648376464844,57.89592742919922,48.27804183959961,0.2889600396156311,0.050992947071790695,0.4022776782512665,0.0963200107216835,0.08498824387788773
1998-11-01,67.96592712402344,88.07134246826172,38.602264404296875,0.2869526147842407,0.16439993679523468,0.5141234397888184,0.1046181470155716,0.11657450348138809
1998-12-01,75.95989227294922,86.2803955078125,64.999755859375,0.3507552444934845,0.24015673995018005,0.6035518050193787,0.17063768208026886,0.10743854194879532
1999-01-01,63.98722457885742,69.46121215820312,53.77272033691406,0.11235955357551575,0.16398420929908752,0.5830549597740173,0.13058002293109894,0.08199210464954376
1999-02-01,58.316383361816406,67.28399658203125,44.1739501953125,0.12931327521800995,0.09528347104787827,0.46961137652397156,0.0578506775200367,0.2041788548231125
1999-03-01,83.39727783203125,89.73835754394531,75.18807983398438,0.13896691799163818,0.04139440134167671,0.7776233553886414,0.04139440134167671,0.2306259423494339
1999-04-01,106.19801330566406,112.34139251708984,103.2333755493164,0.10235097259283066,0.04652316868305206,1.0452204942703247,0.04342162236571312,0.23261584341526031
1999-05-01,85.44113159179688,89.3775634765625,80.67141723632812,0.1329706907272339,0.042308855801820755,0.7736476063728333,0.039286792278289795,0.11181625723838806
1999-06-01,79.4105453491211,75.96134948730469,83.76152038574219,0.13470487296581268,0.045922115445137024,0.6980161666870117,0.03979916870594025,0.09184423089027405
1999-07-01,62.14287185668945,66.83728790283203,54.25792694091797,0.2053453028202057,0.05054653435945511,0.3001200556755066,0.06950148195028305,0.08529727905988693
1999-08-01,62.858642578125,65.2621078491211,57.959991455078125,0.1702071875333786,0.0752839520573616,0.5564466118812561,0.05564466118812561,0.13420182466506958
1999-09-01,69.58151245117188,75.54266357421875,62.214027404785156,0.1862844079732895,0.06946198642253876,0.6662035584449768,0.07577671110630035,0.09472089260816574
1999-10-01,72.35348510742188,79.38410949707031,60.16195297241211,0.16981349885463715,0.0719548687338829,0.8375546932220459,0.03741653263568878,0.06332028657197952
1999-11-01,57.9638671875,60.38698196411133,52.49796676635742,0.12845022976398468,0.07169315218925476,0.6512128114700317,0.0806547999382019,0.23598995804786682
1999-12-01,86.0849380493164,95.51082611083984,86.46973419189453,0.30806365609169006,0.2032584846019745,0.9718296527862549,0.09527741372585297,0.09527741372585297
2000-01-01,64.45780944824219,65.57360076904297,64.25041198730469,0.16186079382896423,0.06294586509466171,0.7313710451126099,0.06594328582286835,0.04795875400304794
2000-02-01,63.54172134399414,57.65135955810547,68.08216857910156,0.29741132259368896,0.04855694994330406,0.5341264009475708,0.057661376893520355,0.04855694994330406
2000-03-01,50.101985931396484,55.03073501586914,40.81640625,0.14781156182289124,0.060219526290893555,0.3503681719303131,0.030109763145446777,0.030109763145446777
2000-04-01,48.6827392578125,53.30490493774414,40.91702651977539,0.1379227638244629,0.03298152983188629,0.44075319170951843,0.047973133623600006,0.02098824642598629
2000-05-01,79.48287963867188,77.26969909667969,83.22781372070312,0.2841474115848541,0.04262211173772812,0.4660017490386963,0.03693916276097298,0.03125621750950813
2000-06-01,64.71781921386719,73.57466888427734,53.174400329589844,0.16319285333156586,0.028630325570702553,0.5182088613510132,0.017178194597363472,0.020041227340698242
2000-07-01,51.904022216796875,57.31697463989258,41.059078216552734,0.21646946668624878,0.0326186865568161,0.4092162549495697,0.053376033902168274,0.02965335175395012
2000-08-01,46.49225616455078,49.192291259765625,41.58592224121094,0.12138796597719193,0.053292278200387955,0.33751776814460754,0.03256750479340553,0.02960682101547718
2000-09-01,52.689998626708984,64.44499206542969,35.192142486572266,0.11468210816383362,0.0783194899559021,0.3636261820793152,0.01398562267422676,0.03915974497795105
2000-10-01,76.45652770996094,82.38760375976562,77.61014556884766,0.8798944354057312,0.29146501421928406,0.4481962025165558,0.4729432463645935,0.11548614501953125
2000-11-01,45.06056213378906,44.357688903808594,47.206809997558594,0.41436079144477844,0.10567590594291687,0.28643733263015747,0.15017102658748627,0.08064740151166916
2000-12-01,45.39509963989258,46.16897964477539,43.98335266113281,0.3149217367172241,0.11423631757497787,0.3241841495037079,0.09262403845787048,0.0771866962313652
2001-01-01,46.89955520629883,53.70235824584961,38.343318939208984,0.272077351808548,0.06657211482524872,0.3878549337387085,0.09551651030778885,0.05788879469037056
2001-02-01,55.087711334228516,63.68989181518555,45.426673889160156,0.363314688205719,0.15480364859104156,0.43597763776779175,0.18639624118804932,0.1390073597431183
2001-03-01,61.708953857421875,66.72218322753906,56.86698913574219,0.32034608721733093,0.06571201980113983,0.34772607684135437,0.0574980154633522,0.10952002555131912
2001-04-01,50.5687370300293,52.7736701965332,47.17219924926758,0.304556280374527,0.045231129974126816,0.2804329991340637,0.12061634659767151,0.021107861772179604
2001-05-01,60.376861572265625,61.344993591308594,56.86418914794922,0.2961275577545166,0.05125284567475319,0.5068337321281433,0.09965831786394119,0.10535307228565216
2001-06-01,72.06433868408203,79.31310272216797,64.2144775390625,0.43170180916786194,0.1607716977596283,0.45254257321357727,0.08038584887981415,0.08634036034345627
2001-07-01,61.072940826416016,65.49278259277344,52.618770599365234,0.3042564392089844,0.05645995959639549,0.5144129991531372,0.04077663645148277,0.059596624225378036
2001-08-01,64.10773468017578,55.23207473754883,74.89220428466797,0.5329095125198364,0.05921216681599617,0.33345797657966614,0.08726003766059875,0.06232859566807747
2001-09-01,498.64788818359375,260.16961669921875,841.177490234375,1.3361420631408691,1.4384592771530151,1.6972614526748657,0.7011736631393433,0.34607282280921936
2001-10-01,512.5297241210938,261.347412109375,854.074951171875,1.4368846416473389,1.0700792074203491,1.8174798488616943,0.6177776455879211,0.32543644309043884
2001-11-01,306.785888671875,149.79522705078125,509.7461242675781,0.677621066570282,0.5525665283203125,1.3785080909729004,0.29373273253440857,0.3402646481990814
2001-12-01,236.09974670410156,126.19801330566406,381.9725036621094,1.0627094507217407,0.3829583525657654,0.8999521136283875,0.2904100716114044,0.19467049837112427
2002-01-01,172.47720336914062,106.9162368774414,262.2870178222656,0.6028865575790405,0.23750075697898865,0.4597771167755127,0.16746848821640015,0.13092990219593048
2002-02-01,146.1857147216797,95.78031158447266,212.90550231933594,0.6088948845863342,0.2856156527996063,0.5210131406784058,0.1412385106086731,0.1412385106086731
2002-03-01,151.9763641357422,99.12334442138672,219.96884155273438,1.0860121250152588,0.5357660055160522,0.6023747324943542,0.27801910042762756,0.14769765734672546
2002-04-01,157.49655151367188,100.74444580078125,225.64035034179688,1.837423324584961,0.5674846768379211,0.5368098020553589,0.3987730145454407,0.1349693238735199
2002-05-01,163.3223114013672,142.246826171875,209.40878295898438,0.9166393876075745,0.2529686689376831,0.8422368168830872,0.18451832234859467,0.08630695194005966
2002-06-01,149.33042907714844,127.7907485961914,189.1234893798828,0.8575482964515686,0.2652847170829773,0.7187365293502808,0.24677647650241852,0.07711765170097351
2002-07-01,122.7783432006836,94.34967803955078,168.41973876953125,0.6047940254211426,0.17098888754844666,0.379975289106369,0.16465596854686737,0.13932427763938904
2002-08-01,127.06451416015625,101.69573974609375,157.46444702148438,0.6454111337661743,0.37756550312042236,0.5485994815826416,0.18394216895103455,0.1774880588054657
2002-09-01,174.90333557128906,174.5314483642578,188.7191925048828,0.8047177195549011,0.5190736651420593,1.0412187576293945,0.2733583152294159,0.23342956602573395
2002-10-01,172.03192138671875,167.02581787109375,197.39906311035156,0.5073012113571167,0.27186861634254456,1.2135990858078003,0.1597578376531601,0.19058829545974731
2002-11-01,159.12759399414062,155.0137481689453,179.06283569335938,0.6039714813232422,0.3358670771121979,0.9516233801841736,0.24453479051589966,0.21507276594638824
2002-12-01,175.8117218017578,182.9995574951172,175.19842529296875,0.6883744597434998,0.34258636832237244,0.9028911590576172,0.18570102751255035,0.31377068161964417
2003-01-01,206.43460083007812,245.8175506591797,176.95985412597656,0.6519215106964111,0.42270711064338684,1.155002474784851,0.276843398809433,0.42866072058677673
2003-02-01,239.61093139648438,296.7597961425781,213.080322265625,0.7212382555007935,0.37338438630104065,1.333971619606018,0.2616882026195526,0.6286899447441101
2003-03-01,358.711181640625,362.41107177734375,429.1441955566406,1.1141598224639893,0.7483162879943848,1.6961835622787476,0.4739336371421814,1.2000776529312134
2003-04-01,255.77517700195312,212.60545349121094,331.6032409667969,0.8219656944274902,0.42264196276664734,1.1629940271377563,0.361431747674942,0.638335108757019
2003-05-01,162.1218719482422,153.3962860107422,186.8463592529297,0.7766546607017517,0.6767175197601318,0.9251327514648438,0.2541259825229645,0.17417623102664948
2003-06-01,145.7697296142578,127.83353424072266,176.91827392578125,0.7111217975616455,0.2561243772506714,0.5996323823928833,0.25009793043136597,0.1536746323108673
2003-07-01,134.89891052246094,108.3927993774414,167.4486541748047,0.4478664994239807,0.2668793499469757,0.3527715504169464,0.08895978331565857,0.12577073276042938
2003-08-01,138.23092651367188,109.64905548095703,180.0001220703125,0.6402486562728882,0.25796425342559814,0.6464646458625793,0.09945610165596008,0.1647241711616516
2003-09-01,118.19628143310547,99.72046661376953,143.5571746826172,0.4589585065841675,0.15592820942401886,0.514857292175293,0.07649308443069458,0.17946454882621765
2003-10-01,108.3173828125,93.02832794189453,129.9432830810547,0.4718253016471863,0.1887301206588745,0.5554057955741882,0.1428956538438797,0.18064168095588684
2003-11-01,118.0866928100586,93.33158874511719,153.246337890625,0.40624716877937317,0.29791459441185,0.39421021938323975,0.18356354534626007,0.5055520534515381
2003-12-01,129.46507263183594,107.44403839111328,164.98052978515625,0.4587155878543854,0.24528542160987854,0.49375638365745544,0.15927624702453613,0.2484709471464157
2004-01-01,113.46759033203125,106.71729278564453,126.08518981933594,0.4325001537799835,0.18194833397865295,0.33108630776405334,0.15808625519275665,0.12825866043567657
2004-02-01,115.07597351074219,104.11482238769531,129.24427795410156,0.3050941526889801,0.13559739291667938,0.4961632192134857,0.0708804577589035,0.15100619196891785
2004-03-01,138.53207397460938,109.12393951416016,183.70297241210938,0.4947238862514496,0.1830192506313324,0.42037233710289,0.14584346115589142,0.2259143739938736
2004-04-01,149.6313934326172,121.14622497558594,205.3251953125,0.48873525857925415,0.32781022787094116,0.4201931059360504,0.15496483445167542,0.2622481882572174
2004-05-01,121.0911865234375,91.96539306640625,159.94842529296875,0.38138824701309204,0.2875080704689026,0.32271313667297363,0.21123041212558746,0.11441647261381149
2004-06-01,137.23391723632812,106.79373931884766,178.03662109375,0.2596859931945801,0.5611605048179626,0.5760850310325623,0.17312398552894592,0.3104292154312134
2004-07-01,131.0198516845703,121.26777648925781,159.81219482421875,0.3920740783214569,0.33477094769477844,0.37096238136291504,0.2744518518447876,0.16286154091358185
2004-08-01,140.36582946777344,127.44524383544922,176.45431518554688,0.30093929171562195,0.19454661011695862,0.5380429625511169,0.18238745629787445,0.1854272484779358
2004-09-01,153.87161254882812,130.20606994628906,189.355224609375,0.508479654788971,0.25723087787628174,0.993030846118927,0.2123650312423706,0.21535608172416687
2004-10-01,119.86279296875,100.50788116455078,148.24447631835938,0.3434852361679077,0.14025646448135376,0.48660406470298767,0.1631554812192917,0.17174261808395386
2004-11-01,122.70738983154297,98.92665100097656,151.67926025390625,0.41727957129478455,0.13509051501750946,0.5013359189033508,0.21314281225204468,0.15610459446907043
2004-12-01,109.89522552490234,81.60477447509766,145.225341796875,0.32072654366493225,0.20005716383457184,0.38106125593185425,0.16830205917358398,0.14607347548007965
2005-01-01,100.88758850097656,78.19856262207031,128.5348663330078,0.4012550413608551,0.1870512217283249,0.3318650722503662,0.1478308141231537,0.09352561086416245
2005-02-01,108.97796630859375,104.7703628540039,108.79598236083984,0.5372712016105652,0.11581894010305405,0.524402379989624,0.28633013367652893,0.12868770956993103
2005-03-01,90.41048431396484,87.22633361816406,87.87673950195312,0.3293053209781647,0.14031270146369934,0.48966267704963684,0.17181146144866943,0.04867991432547569
2005-04-01,87.03240203857422,72.53263092041016,102.85391235351562,0.194237619638443,0.07357485592365265,0.26486948132514954,0.07063186168670654,0.09123282134532928
2005-05-01,98.20596313476562,89.93269348144531,104.9098892211914,0.2452153116464615,0.0867224857211113,0.41566985845565796,0.08971291780471802,0.09868421405553818
2005-06-01,81.12405395507812,69.88249969482422,93.41752624511719,0.2107989341020584,0.13250218331813812,0.2981299161911011,0.10841087996959686,0.16863913834095
2005-07-01,165.90191650390625,118.1835708618164,237.5650177001953,0.49455079436302185,0.19232530891895294,0.57697594165802,0.3938089609146118,0.265592098236084
2005-08-01,116.2276611328125,92.68307495117188,143.29122924804688,0.41108307242393494,0.29455557465553284,0.41108307242393494,0.16831746697425842,0.1068168580532074
2005-09-01,103.80766296386719,78.45670318603516,130.27203369140625,0.22490288317203522,0.11099103093147278,0.467330664396286,0.14312002062797546,0.1489616483449936
2005-10-01,87.06182861328125,73.18765258789062,105.56188201904297,0.2614191472530365,0.07181844115257263,0.3878195881843567,0.1091640368103981,0.06032749265432358
2005-11-01,83.48009490966797,70.60446166992188,96.02958679199219,0.271432489156723,0.08234468847513199,0.3476775884628296,0.15553997457027435,0.05184665694832802
2005-12-01,95.35025024414062,69.64460754394531,130.6789093017578,0.28536486625671387,0.10661983489990234,0.2540060877799988,0.16620151698589325,0.06585343182086945
2006-01-01,94.51001739501953,89.32347106933594,100.19158172607422,0.458602637052536,0.1138811931014061,0.6709756851196289,0.1631271094083786,0.05847953259944916
2006-02-01,95.85819244384766,89.40576171875,102.79864501953125,0.2961123287677765,0.16238418221473694,0.5444645881652832,0.14328016340732574,0.07004807889461517
2006-03-01,92.79762268066406,88.04222869873047,97.03602600097656,0.33572453260421753,0.12625537812709808,0.5824964046478271,0.10616929829120636,0.08608321100473404
2006-04-01,89.01580047607422,85.9110107421875,92.8307113647461,0.36351102590560913,0.10341261327266693,0.4982607960700989,0.16608692705631256,0.10654633492231369
2006-05-01,85.20877838134766,84.03312683105469,82.27742767333984,0.24539877474308014,0.06883136183023453,0.5446655750274658,0.11970672011375427,0.0987580418586731
2006-06-01,102.57276916503906,90.38453674316406,115.67947387695312,0.4291456341743469,0.11484178900718689,0.5893197059631348,0.17830699682235718,0.10879748314619064
2006-07-01,137.13482666015625,134.39634704589844,142.0860595703125,1.731037974357605,0.26680219173431396,0.8829881548881531,0.37479355931282043,0.184220552444458
2006-08-01,147.08111572265625,141.55645751953125,159.18817138671875,1.7297576665878296,0.1323135495185852,0.5518442988395691,0.2323555052280426,0.17103946208953857
2006-09-01,111.72425842285156,110.28041076660156,114.77066802978516,0.622249186038971,0.1487327367067337,0.5160115361213684,0.13659128546714783,0.15176810324192047
2006-10-01,113.13529968261719,125.2918930053711,99.27391815185547,0.3512427508831024,0.13394850492477417,0.7947611212730408,0.17859800159931183,0.05953266844153404
2006-11-01,88.77892303466797,87.27577209472656,86.71051025390625,0.45544254779815674,0.09716107696294785,0.4098982810974121,0.1366327553987503,0.09108851104974747
2006-12-01,90.60655975341797,95.78137969970703,78.7696533203125,0.516871452331543,0.20804889500141144,0.5396268367767334,0.19179506599903107,0.11377673596143723
2007-01-01,97.9200439453125,95.61344909667969,97.65373992919922,0.3829524517059326,0.1605929583311081,0.3304508924484253,0.14515133202075958,0.07103150337934494
2007-02-01,96.16935729980469,98.1557388305664,90.95567321777344,0.3135313391685486,0.23762376606464386,0.5907590985298157,0.13861386477947235,0.10561056435108185
2007-03-01,87.33650207519531,86.1521224975586,83.9186019897461,0.30937373638153076,0.18793731927871704,0.39033135771751404,0.12432776391506195,0.1011970192193985
2007-04-01,76.6133804321289,69.22551727294922,83.41928100585938,0.22434459626674652,0.11217229813337326,0.285238116979599,0.1506313681602478,0.11537721753120422
2007-05-01,92.5995864868164,82.30323028564453,103.89258575439453,0.3569110929965973,0.12654121220111847,0.37637898325920105,0.16872161626815796,0.12978585064411163
2007-06-01,97.9723129272461,87.08059692382812,109.30941009521484,0.4406263828277588,0.12045901268720627,0.5008559226989746,0.16800862550735474,0.16166867315769196
2007-07-01,112.34625244140625,103.2634048461914,127.13468170166016,0.2686692774295807,0.17479687929153442,0.42404428124427795,0.17479687929153442,0.16184896230697632
2007-08-01,83.17320251464844,73.12574005126953,100.14825439453125,0.1650426834821701,0.13647760450839996,0.32691147923469543,0.10473863035440445,0.09839083254337311
2007-09-01,94.4888687133789,94.93997955322266,92.24872589111328,0.38163164258003235,0.14389389753341675,0.4973723590373993,0.10010010004043579,0.1376376450061798
2007-10-01,101.47301483154297,103.61026763916016,97.49516296386719,0.37758517265319824,0.1086987629532814,0.5692382454872131,0.09153579920530319,0.5148888826370239
2007-11-01,89.79544830322266,95.73847961425781,81.56842803955078,0.233679860830307,0.18874143064022064,0.44039666652679443,0.08688097447156906,0.2516552209854126
2007-12-01,94.96749114990234,98.5313720703125,84.13076782226562,0.4407142102718353,0.1555461883544922,0.6319063901901245,0.10369746387004852,0.15878674387931824
2008-01-01,81.49982452392578,76.40237426757812,83.74764251708984,0.4421885311603546,0.1463581770658493,0.2864883244037628,0.2273222655057907,0.040482047945261
2008-02-01,80.75146484375,72.52851104736328,86.75279235839844,0.30196115374565125,0.0635707676410675,0.3814246356487274,0.13985569775104523,0.19389085471630096
2008-03-01,77.63613891601562,72.02967834472656,83.48439025878906,0.41803431510925293,0.099089615046978,0.291075736284256,0.14244131743907928,0.16102062165737152
2008-04-01,71.9048080444336,69.45796966552734,69.99274444580078,0.3166962265968323,0.07600709050893784,0.2818596363067627,0.09817583113908768,0.04750443249940872
2008-05-01,72.57379913330078,70.67774963378906,74.78978729248047,0.4671042561531067,0.2045489251613617,0.3449854850769043,0.1770721971988678,0.0915890708565712
2008-06-01,87.54842376708984,88.88606262207031,80.34490203857422,0.4860386252403259,0.10438413172960281,0.3262004256248474,0.19898225367069244,0.10438413172960281
2008-07-01,89.73957061767578,84.3224868774414,88.16068267822266,0.4953928589820862,0.0660523772239685,0.5350242853164673,0.08917070925235748,0.24109119176864624
2008-08-01,88.55410766601562,75.76971435546875,105.06571197509766,0.19019652903079987,0.06339884549379349,1.124495267868042,0.040041375905275345,0.17017585039138794
2008-09-01,88.54255676269531,82.01426696777344,94.46100616455078,0.22782008349895477,0.04881858825683594,0.8331705927848816,0.0520731620490551,0.09112803637981415
2008-10-01,64.15979766845703,53.11738967895508,75.28266143798828,0.17494532465934753,0.09372071176767349,0.4154951572418213,0.07185254245996475,0.1187129020690918
2008-11-01,79.08097076416016,68.30364990234375,95.14356231689453,0.33112582564353943,0.15542641282081604,0.47303688526153564,0.10474388301372528,0.08447087556123734
2008-12-01,92.3664321899414,83.84313201904297,109.21497344970703,0.5332040786743164,0.13050448894500732,0.38032737374305725,0.21626459062099457,0.11186099052429199
2009-01-01,85.36947631835938,86.31317138671875,89.7125473022461,1.2267183065414429,0.21078820526599884,0.321365624666214,0.670375645160675,0.169321671128273
2009-02-01,67.45267486572266,64.77291107177734,64.58635711669922,0.3910950720310211,0.08649218082427979,0.36477136611938477,0.2030685991048813,0.0752105861902237
2009-03-01,72.64462280273438,69.17710876464844,74.83297729492188,0.360835462808609,0.08326972275972366,0.3192006051540375,0.14225244522094727,0.06939143687486649
2009-04-01,85.6884994506836,84.48536682128906,83.98128509521484,0.2747252881526947,0.09759976714849472,0.60005784034729,0.07952573895454407,0.11205899715423584
2009-05-01,89.68086242675781,86.63702392578125,92.64315032958984,0.3488204777240753,0.11867088824510574,0.4387226700782776,0.15103566646575928,0.0791139230132103
2009-06-01,81.10958862304688,80.80081939697266,74.5913314819336,0.37225043773651123,0.12408347427845001,0.4624929428100586,0.19176536798477173,0.05264147371053696
2009-07-01,83.43962097167969,82.10675048828125,80.12088012695312,0.3018493056297302,0.09934280812740326,0.5349228382110596,0.11462631821632385,0.09170105308294296
2009-08-01,73.37187957763672,64.70917510986328,78.04385375976562,0.16405250132083893,0.044014085084199905,0.400128036737442,0.07202304899692535,0.06802176684141159
2009-09-01,92.8399887084961,97.492919921875,77.7846450805664,0.5500967502593994,0.09863803535699844,0.8763610124588013,0.08346295356750488,0.08725672215223312
2009-10-01,90.57640075683594,88.22991180419922,90.4251480102539,0.3271459937095642,0.08178649842739105,0.5831733345985413,0.1244577169418335,0.07111869752407074
2009-11-01,82.10176086425781,74.31538391113281,85.0097885131836,0.30877140164375305,0.12198375910520554,0.4383791387081146,0.10673578828573227,0.08767582476139069
2009-12-01,92.94691467285156,89.34334564208984,95.87136840820312,0.3298736810684204,0.1448225975036621,0.48274198174476624,0.13275404274463654,0.10861694067716599
2010-01-01,91.58102416992188,84.97299194335938,100.41094207763672,0.218122661113739,0.21442566812038422,0.3438204824924469,0.1330917924642563,0.10721283406019211
2010-02-01,80.72535705566406,78.84627532958984,80.71173858642578,0.3313307762145996,0.12743492424488068,0.4187147319316864,0.11651192605495453,0.16020388901233673
2010-03-01,74.116943359375,73.49691009521484,70.03934478759766,0.4004887342453003,0.11200108379125595,0.5532174706459045,0.0916372537612915,0.1357588917016983
2010-04-01,88.76158142089844,92.05691528320312,81.26840209960938,0.38795557618141174,0.0818621888756752,0.7901480793952942,0.13525056838989258,0.16016514599323273
2010-05-01,88.95870971679688,87.49411010742188,85.85739135742188,0.3446158170700073,0.08188890665769577,0.5595741868019104,0.1330694705247879,0.2729630172252655
2010-06-01,96.45369720458984,110.69171905517578,70.9886245727539,0.9838321208953857,0.07567939162254333,0.5297557711601257,0.3439972400665283,0.7430340647697449
2010-07-01,79.38137817382812,75.18537902832031,84.04823303222656,0.40796229243278503,0.08792290836572647,0.28135329484939575,0.15122739970684052,0.2321164757013321
2010-08-01,80.99386596679688,71.95153045654297,85.98257446289062,0.33792662620544434,0.12015169113874435,0.39424774050712585,0.14268013834953308,0.16896331310272217
2010-09-01,71.16854858398438,68.94754028320312,69.29395294189453,0.32705020904541016,0.06681670993566513,0.3165002167224884,0.08440005779266357,0.08088338375091553
2010-10-01,65.99193572998047,62.0961799621582,76.16891479492188,0.2531728744506836,0.1315183788537979,0.24002104997634888,0.05589530989527702,0.08219898492097855
2010-11-01,94.70516967773438,98.68914794921875,83.2665023803711,0.366863489151001,0.23758777976036072,0.6778239607810974,0.1537332683801651,0.164215087890625
2010-12-01,97.20389556884766,100.3976821899414,91.7621078491211,0.3096793591976166,0.1170739084482193,0.630688488483429,0.08686128258705139,0.19260546565055847
2011-01-01,79.42161560058594,76.59356689453125,78.8069839477539,0.33668816089630127,0.06154514476656914,0.47787994146347046,0.2498008906841278,0.20273694396018982
2011-02-01,90.01448822021484,90.18933868408203,85.48683166503906,0.3635941743850708,0.28623369336128235,0.32878196239471436,1.0134220123291016,0.17019301652908325
2011-03-01,136.8883056640625,126.96572875976562,157.47984313964844,0.2661786675453186,0.48577606678009033,0.7319913506507874,0.8750624060630798,0.3926135301589966
2011-04-01,91.01776885986328,72.92317962646484,111.94474029541016,0.3041253685951233,0.17174138128757477,0.2540341317653656,0.44008728861808777,0.20036494731903076
2011-05-01,105.34491729736328,95.50663757324219,123.82610321044922,0.37487950921058655,0.21778714656829834,0.21778714656829834,0.5141204595565796,0.16780321300029755
2011-06-01,84.391845703125,71.39112854003906,98.27275848388672,0.2664458155632019,0.21963778138160706,0.2916501760482788,0.2736470699310303,0.3780650198459625
2011-07-01,78.92475891113281,59.019046783447266,102.11175537109375,0.17330382764339447,0.09218288958072662,0.2691740393638611,0.1585545688867569,0.2507374584674835
2011-08-01,86.95156860351562,63.504676818847656,112.49906158447266,0.25105857849121094,0.1836099922657013,0.38220855593681335,0.3597257137298584,0.393449991941452
2011-09-01,83.35044860839844,70.606689453125,95.26744079589844,0.44034090638160706,0.17045454680919647,0.2876420319080353,0.3125,0.40127840638160706
2011-10-01,76.33993530273438,64.18510437011719,92.34331512451172,0.2809481918811798,0.316066712141037,0.3090430200099945,0.2879719138145447,0.24582967162132263
2011-11-01,83.15767669677734,95.57453155517578,70.11003875732422,0.5194805264472961,0.305995374917984,0.6191069483757019,0.39494752883911133,0.46966731548309326
2011-12-01,85.34132385253906,88.89408111572266,77.47647857666016,0.2890613079071045,0.23961661756038666,0.46021604537963867,0.2434200495481491,0.3118819296360016
2012-01-01,79.63497161865234,93.6095962524414,62.06843185424805,0.45319464802742004,0.28231796622276306,0.4383358061313629,0.3120356500148773,0.2563149929046631
2012-02-01,92.4458236694336,104.2074966430664,78.59986114501953,0.6932013034820557,0.35040944814682007,0.8874499797821045,0.24376308917999268,0.35802704095840454
2012-03-01,88.75997924804688,87.85648345947266,85.85698699951172,0.6517691016197205,0.22070488333702087,0.6862542033195496,0.2103593349456787,0.3103662431240082
2012-04-01,96.01668548583984,101.92078399658203,86.38436889648438,0.37564030289649963,0.20489470660686493,0.5805349946022034,0.1707455962896347,0.5122367739677429
2012-05-01,78.17115783691406,80.6348876953125,69.74354553222656,0.34682080149650574,0.19147399067878723,0.5708092451095581,0.11921965330839157,0.24205201864242554
2012-06-01,77.82243347167969,70.23216247558594,82.17473602294922,0.3740695118904114,0.2431451827287674,0.796768069267273,0.26184865832328796,0.467586874961853
2012-07-01,82.80802154541016,79.33626556396484,91.00080108642578,0.5853132605552673,0.21179097890853882,0.7547460198402405,0.24259693920612335,0.5891640186309814
2012-08-01,74.87835693359375,70.9891586303711,78.11161804199219,0.5306427478790283,0.32137519121170044,0.38490283489227295,0.2727952301502228,0.4708520174026489
2012-09-01,69.28050994873047,68.40282440185547,65.87126159667969,0.5204133987426758,0.14293043315410614,0.3408341407775879,0.267536461353302,0.2748662233352661
2012-10-01,81.66366577148438,74.20600891113281,88.03089904785156,0.42219120264053345,0.18841591477394104,0.43963712453842163,0.20586182177066803,0.40823447704315186
2012-11-01,81.38964080810547,75.65846252441406,89.04841613769531,0.9225419759750366,0.1667671948671341,0.30160024762153625,0.624489963054657,0.3690167963504791
2012-12-01,74.83155822753906,66.24052429199219,82.9786148071289,0.2990058958530426,0.09707983583211899,0.4426840543746948,0.2368748039007187,0.3339546322822571
2013-01-01,90.6574935913086,84.139892578125,108.9493179321289,0.22017540037631989,0.08807016164064407,0.3559502363204956,0.2238449901342392,0.21650581061840057
2013-02-01,81.59033203125,77.60531616210938,85.65817260742188,0.41049930453300476,0.13420169055461884,0.44602328538894653,0.26840338110923767,0.17367278039455414
2013-03-01,75.89672088623047,81.89175415039062,69.39681243896484,0.3723140060901642,0.1879299283027649,0.4042266607284546,0.11346712708473206,0.31912630796432495
2013-04-01,95.10787200927734,99.5219497680664,87.4727554321289,0.3781072199344635,0.14974543452262878,0.5203653573989868,0.13477088510990143,0.23210541903972626
2013-05-01,83.71731567382812,75.3292236328125,98.22759246826172,0.44375497102737427,0.12987950444221497,0.5988888144493103,0.11544844508171082,0.2922288775444031
2013-06-01,82.97300720214844,78.82188415527344,86.63420104980469,0.30442559719085693,0.19787663221359253,0.5631873607635498,0.11035427451133728,0.24734579026699066
2013-07-01,73.97581481933594,71.55718994140625,72.67587280273438,0.29846057295799255,0.12174049764871597,0.30238768458366394,0.502670407295227,0.12174049764871597
2013-08-01,90.95674896240234,80.73957824707031,106.97908782958984,0.39028123021125793,0.2831452190876007,0.6045532822608948,0.4821121096611023,0.3252343535423279
2013-09-01,100.4593276977539,100.38423156738281,100.16348266601562,0.8042792081832886,0.21934887766838074,0.9889940619468689,0.265527606010437,0.25398290157318115
2013-10-01,72.95311737060547,65.50166320800781,78.73002624511719,0.5244312882423401,0.16998806595802307,0.502730667591095,0.23147310316562653,0.21338927745819092
2013-11-01,77.77902221679688,92.4988784790039,52.43838119506836,0.8293883800506592,0.38629046082496643,0.6362431645393372,0.1325506567955017,0.1590607911348343
2013-12-01,70.37248992919922,70.09461212158203,66.79072570800781,0.34554538130760193,0.16236469149589539,0.39134055376052856,0.15820150077342987,0.14154870808124542
2014-01-01,77.91596984863281,70.48076629638672,83.1458969116211,0.3495679497718811,0.18460330367088318,0.5223880410194397,0.1610369235277176,0.22780832648277283
2014-02-01,69.00352478027344,73.27865600585938,59.08655548095703,0.21982580423355103,0.12028203904628754,0.6097055077552795,0.13687266409397125,0.16175860166549683
2014-03-01,119.83855438232422,151.67477416992188,74.0618896484375,0.22697673738002777,0.16744185984134674,2.3293023109436035,0.1599999964237213,0.30139535665512085
2014-04-01,93.22154235839844,113.13993072509766,60.90629959106445,0.20901526510715485,0.0709863156080246,1.538036823272705,0.09070473909378052,0.11042315512895584
2014-05-01,83.4288558959961,91.6987533569336,76.15043640136719,0.19190968573093414,0.09407337754964828,1.0385700464248657,0.1580432802438736,0.1580432802438736
2014-06-01,98.76710510253906,95.32296752929688,107.18201446533203,0.22604694962501526,0.29743021726608276,0.8169416189193726,0.14673224091529846,0.28553298115730286
2014-07-01,138.7539520263672,162.71510314941406,118.54683685302734,1.1414450407028198,0.1294422149658203,1.851415991783142,0.6236761808395386,0.2628069221973419
2014-08-01,136.44558715820312,158.59349060058594,112.11448669433594,0.9558884501457214,0.19862617552280426,1.4938342571258545,0.6372589468955994,0.37656211853027344
2014-09-01,131.55665588378906,143.3953857421875,120.78192138671875,0.2649325728416443,0.533879280090332,1.5093127489089966,0.2247912585735321,0.5419074892997742
2014-10-01,83.66100311279297,86.33345031738281,77.19393157958984,0.22811953723430634,0.15588168799877167,0.4752490222454071,0.15588168799877167,0.3916051983833313
2014-11-01,84.38005065917969,88.46994018554688,76.33753204345703,0.3943185806274414,0.22130125761032104,0.776566207408905,0.10863879323005676,0.22130125761032104
2014-12-01,86.5262222290039,81.27322387695312,96.23736572265625,0.18724144995212555,0.2003048062324524,0.7271935343742371,0.14369693398475647,0.1741780936717987
2015-01-01,111.9856948852539,83.50390625,153.33984375,0.5151401162147522,0.2596641182899475,0.6365959048271179,0.1423964500427246,0.2764166295528412
2015-02-01,111.92469787597656,118.22520446777344,107.79053497314453,0.5108556747436523,0.20525451004505157,1.363802194595337,0.25998905301094055,0.25542783737182617
2015-03-01,104.23526763916016,117.48873138427734,83.63285064697266,0.8567780256271362,0.5313671231269836,0.7908720374107361,0.3871977627277374,0.26362401247024536
2015-04-01,102.19049072265625,110.18872833251953,95.08645629882812,0.6206691265106201,0.7014411687850952,0.8247247338294983,0.2508183419704437,0.21255792677402496
2015-05-01,76.2623291015625,77.66873168945312,72.86188507080078,0.19667364656925201,0.5002351403236389,0.45320451259613037,0.20094916224479675,0.15819402039051056
2015-06-01,85.90596771240234,81.06608581542969,88.7894287109375,0.31179630756378174,0.31179630756378174,0.7058721780776978,0.10393209755420685,0.24250823259353638
2015-07-01,106.80866241455078,120.84297180175781,86.16881561279297,0.727304220199585,0.45023593306541443,0.8225464224815369,0.17316767573356628,0.4156024158000946
2015-08-01,82.47853088378906,85.33859252929688,74.0282974243164,0.5324662923812866,0.16963528096675873,0.5984355807304382,0.16492319107055664,0.34869474172592163
2015-09-01,98.7674560546875,115.88518524169922,79.34535217285156,0.5133112668991089,0.3958587050437927,1.070123553276062,0.1696537286043167,0.5568122267723083
2015-10-01,91.931884765625,79.726318359375,108.51441955566406,0.35683873295783997,0.3446737825870514,1.1962207555770874,0.1297595351934433,0.5474230647087097
2015-11-01,150.71588134765625,113.04398345947266,213.99351501464844,0.24657534062862396,0.3287671208381653,1.67123281955719,0.6712328791618347,1.0456620454788208
2015-12-01,148.23687744140625,115.224365234375,204.6312713623047,0.3098563849925995,0.4278969168663025,0.9689159989356995,0.24591776728630066,0.6443045735359192
2016-01-01,118.21114349365234,124.23914337158203,109.52909851074219,0.2688172161579132,0.5005561709403992,0.7044864892959595,0.17612162232398987,0.384686678647995
2016-02-01,103.74964904785156,91.322021484375,117.58201599121094,0.1712496280670166,0.4207848012447357,1.193854570388794,0.09785693138837814,0.7094627618789673
2016-03-01,109.72029113769531,98.02693176269531,127.76814270019531,0.20822960138320923,0.23538997769355774,0.7785975933074951,0.16748902201652527,0.5703680515289307
2016-04-01,85.22145080566406,80.82244110107422,93.12298583984375,0.18125203251838684,0.2788492739200592,0.7761304974555969,0.12548217177391052,0.3160291910171509
2016-05-01,88.3324203491211,84.46136474609375,93.63965606689453,0.13656848669052124,0.24582327902317047,0.655528724193573,0.3095552325248718,0.3095552325248718
2016-06-01,90.16812896728516,80.51286315917969,100.85737609863281,0.19823476672172546,0.16991551220417023,0.54278564453125,0.13215650618076324,0.4672676622867584
2016-07-01,114.6104507446289,97.0980453491211,145.14874267578125,0.27500858902931213,0.19152383506298065,0.756273627281189,0.18170210719108582,0.8201149106025696
2016-08-01,98.73848724365234,82.44046783447266,121.45369720458984,0.10336985439062119,0.20157122611999512,0.9354972243309021,0.10853835195302963,0.5995451807975769
2016-09-01,104.54522705078125,95.48959350585938,121.15049743652344,0.16132284700870514,0.3226456940174103,1.0485985279083252,0.10586811602115631,0.4738858640193939
2016-10-01,85.74778747558594,79.64808654785156,100.30767822265625,0.09816432744264603,0.289584755897522,0.9963679313659668,0.1325218379497528,0.41229018568992615
2016-11-01,82.91875457763672,81.22564697265625,83.97505950927734,0.10255884379148483,0.14871032536029816,0.9794369339942932,0.051279421895742416,0.3128044605255127
2016-12-01,102.18046569824219,93.9366226196289,113.97946166992188,0.2522677183151245,0.22543072700500488,1.2559711933135986,0.1878589391708374,0.5850464105606079
2017-01-01,105.20123291015625,108.2770004272461,103.17117309570312,0.329213947057724,0.2785656452178955,1.2358185052871704,0.19752836227416992,0.552066445350647
2017-02-01,114.20635986328125,125.66468048095703,97.15160369873047,0.4075338840484619,0.27536073327064514,1.0794140100479126,0.12666593492031097,0.32492566108703613
2017-03-01,96.63587951660156,95.83842468261719,95.67454528808594,0.13939626514911652,0.20188425481319427,0.7931166887283325,0.1490098088979721,0.322053462266922
2017-04-01,119.45992279052734,127.44654846191406,108.06884002685547,0.21015025675296783,0.183881476521492,1.439529299736023,0.23116528987884521,0.4938530921936035
2017-05-01,102.57996368408203,102.35460662841797,99.70480346679688,0.33001625537872314,0.44679123163223267,0.8681966066360474,0.19800974428653717,0.28939884901046753
2017-06-01,126.78901672363281,113.16846466064453,146.67166137695312,0.18059855699539185,0.7378740906715393,0.8255934119224548,0.42827656865119934,0.4179566502571106
2017-07-01,102.81346130371094,125.59920501708984,71.9550552368164,0.2808244526386261,0.34970593452453613,1.3723307847976685,0.2649287283420563,0.34970593452453613
2017-08-01,138.5316162109375,160.02310180664062,108.43595123291016,0.13885921239852905,0.2136295735836029,1.0841701030731201,0.12283699959516525,0.28305917978286743
2017-09-01,115.5344467163086,142.1448974609375,84.09626770019531,0.26963600516319275,0.12982474267482758,1.1784090995788574,0.10985170304775238,0.22968992590904236
2017-10-01,91.4615707397461,109.23060607910156,69.15699768066406,0.16232448816299438,0.23131239414215088,0.7426345348358154,0.10956902801990509,0.32464897632598877
2017-11-01,92.59601593017578,103.94397735595703,80.11587524414062,0.24406665563583374,0.6059585809707642,0.6312068700790405,0.22723446786403656,0.1935701072216034
2017-12-01,82.71825408935547,95.908447265625,62.65747833251953,0.392945259809494,0.24673306941986084,0.7904596328735352,0.1507813185453415,0.1507813185453415
2018-01-01,92.42678833007812,107.64431762695312,75.66629028320312,0.28199565410614014,0.3080260157585144,1.0325379371643066,0.11279826611280441,0.43383947014808655
2018-02-01,64.49137115478516,74.68311309814453,52.002201080322266,0.24644285440444946,0.13949595391750336,0.7439784407615662,0.08369757235050201,0.4091881215572357
2018-03-01,111.96229553222656,146.9270782470703,64.55758666992188,0.2324276715517044,0.2484571635723114,1.4226176738739014,0.15228019654750824,0.2324276715517044
2018-04-01,123.26347351074219,146.39566040039062,94.30585479736328,0.6435450911521912,0.4405476748943329,1.766509771347046,0.10797736793756485,0.38871851563453674
2018-05-01,125.66661834716797,172.21670532226562,63.21790313720703,0.9706698060035706,0.5084460973739624,1.2564080953598022,0.1344650834798813,0.21430371701717377
2018-06-01,103.96858978271484,137.0244598388672,56.64043426513672,0.23129981756210327,0.2684729993343353,0.8921564817428589,0.07434637099504471,0.18999628722667694
2018-07-01,110.02842712402344,129.1023406982422,84.4084701538086,0.34154462814331055,0.19638817012310028,1.144174575805664,0.07257823646068573,0.243350550532341
2018-08-01,112.74168395996094,145.11407470703125,68.57559204101562,0.3000850975513458,0.371747225522995,1.1645092964172363,0.11645093560218811,0.6315223574638367
2018-09-01,75.05390930175781,88.62364196777344,51.163917541503906,0.15959680080413818,0.11759764701128006,0.8189836144447327,0.06299874186515808,0.28559428453445435
2018-10-01,92.0164794921875,115.21215057373047,61.150474548339844,0.2965892255306244,0.6590871810913086,1.013346552848816,0.1276981383562088,0.5437468886375427
2018-11-01,80.40758514404297,105.16685485839844,47.40216827392578,0.23735854029655457,0.648497462272644,0.826516330242157,0.1653032749891281,0.49590981006622314
2018-12-01,90.607666015625,106.06269836425781,66.24092864990234,0.2769303023815155,0.36611124873161316,0.9340530633926392,0.056324806064367294,0.5022295117378235
2019-01-01,87.42410278320312,112.98045349121094,55.7335090637207,0.23799404501914978,0.3144921362400055,0.9987250566482544,0.16574585437774658,0.4122397005558014
2019-02-01,96.80016326904297,127.857421875,57.51169967651367,0.24077045917510986,0.27381739020347595,1.0575016736984253,0.028325937688350677,0.3021433353424072
2019-03-01,82.32829284667969,90.78959655761719,66.64120483398438,0.1501626819372177,0.24192875623703003,0.5631100535392761,0.04588304087519646,0.2627846896648407
2019-04-01,79.25344848632812,95.45539855957031,57.51552963256836,0.23726385831832886,0.32679739594459534,0.8058017492294312,0.2865073084831238,0.2596472501754761
2019-05-01,106.4719009399414,134.97251892089844,64.66343688964844,0.3008682131767273,0.580245852470398,0.97137451171875,0.13753975927829742,0.3180606961250305
2019-06-01,106.58845520019531,142.6534881591797,53.42063903808594,0.3839848041534424,0.7075675129890442,0.9017171263694763,0.09491759538650513,0.2804383337497711
2019-07-01,93.52125549316406,126.93077850341797,47.41885757446289,0.17697548866271973,0.3318290412425995,0.8008140921592712,0.15927794575691223,0.33625343441963196
2019-08-01,103.4044189453125,124.72541809082031,70.09744262695312,0.2787363827228546,0.25219008326530457,0.8362091779708862,0.05751703307032585,0.1504291594028473
2019-09-01,90.36798858642578,110.8709487915039,67.81023406982422,0.3321670591831207,0.9034944176673889,0.5801851153373718,0.1062934622168541,0.2170158177614212
2019-10-01,97.83673095703125,121.31104278564453,69.96658325195312,0.1681661456823349,0.42041537165641785,1.072059154510498,0.06726645678281784,1.177163004875183
2019-11-01,73.07838439941406,84.5873031616211,53.03253173828125,0.18485915660858154,0.11443661898374557,0.4709506928920746,0.10123239457607269,0.2684859037399292
2019-12-01,74.27989196777344,80.11077117919922,63.33135223388672,0.18444810807704926,0.29608777165412903,0.5824677348136902,0.1795942187309265,0.3009416460990906
2020-01-01,138.4209442138672,190.8443603515625,81.65093994140625,0.4279726445674896,0.8030002117156982,1.1780277490615845,0.2779616117477417,0.5338627696037292
2020-02-01,75.95555877685547,87.1624526977539,56.68605041503906,0.11145786941051483,0.1783325970172882,0.6598305702209473,0.14712437987327576,0.4592064321041107
2020-03-01,81.54003143310547,97.09007263183594,62.90298843383789,0.1068924218416214,0.08123824000358582,0.4275696873664856,0.10261672735214233,0.3292286694049835
2020-04-01,69.33940124511719,81.76082611083984,47.59123229980469,0.06499233841896057,0.13462698459625244,0.35281556844711304,0.055707719177007675,0.06035003066062927
2020-05-01,68.50721740722656,83.35546112060547,42.29555892944336,0.05407353863120079,0.08111031353473663,0.2928983271121979,0.08561643958091736,0.10814707726240158
2020-06-01,71.22785949707031,85.86660766601562,49.760887145996094,0.16149871051311493,0.05998523533344269,0.48911038041114807,0.11535622179508209,0.12458471953868866
2020-07-01,66.47328186035156,88.73797607421875,36.25208282470703,0.0900130495429039,0.09451370686292648,0.40055808424949646,0.10801566392183304,0.15752284228801727
2020-08-01,65.46604919433594,90.00911712646484,28.454627990722656,0.17364975810050964,0.12912417948246002,0.5120441913604736,0.09350372105836868,0.15583953261375427
2020-09-01,80.37738037109375,101.25764465332031,49.51808166503906,0.23749776184558868,0.10306506603956223,0.9320666790008545,0.13443268835544586,0.3988170027732849
2020-10-01,76.08316802978516,97.65258026123047,42.68144226074219,0.19825367629528046,0.11389040946960449,0.8520690202713013,0.08858142793178558,0.5272704362869263
2020-11-01,70.06746673583984,79.03644561767578,62.31394577026367,0.27990639209747314,0.13765887916088104,0.4542742967605591,0.08718395978212357,0.19272243976593018
2020-12-01,64.06729125976562,86.81527709960938,31.744428634643555,0.32105758786201477,0.22190746665000916,0.5760151147842407,0.10859300941228867,0.21718601882457733
2021-01-01,77.418701171875,98.47562408447266,48.2874870300293,0.1724976748228073,0.19903577864170074,0.5926843285560608,0.12826749682426453,0.15480561554431915
2021-02-01,73.95680236816406,94.48355865478516,46.326778411865234,0.140150785446167,0.19814421236515045,0.5122752785682678,0.053160641342401505,0.13531799614429474
2021-03-01,78.61876678466797,100.85202026367188,49.41804122924805,0.13973799347877502,0.22707423567771912,0.6331877708435059,0.07423580437898636,0.2052401751279831
2021-04-01,88.16622161865234,109.58695983886719,67.87379455566406,0.23278550803661346,0.08380278199911118,1.1965175867080688,0.04655710235238075,0.19553983211517334
2021-05-01,93.00713348388672,120.7828369140625,52.62611389160156,0.8723307847976685,0.0908677875995636,0.8268968462944031,0.34529760479927063,0.14084507524967194
2021-06-01,74.12712097167969,92.54654693603516,46.34864044189453,0.1995915323495865,0.10211659967899323,0.8308577537536621,0.1299665868282318,0.1856665462255478
2021-07-01,58.42076873779297,64.03631591796875,50.7158317565918,0.17029666900634766,0.06274087727069855,0.4884825646877289,0.05825939029455185,0.13444474339485168
2021-08-01,89.4865493774414,103.20159149169922,76.48285675048828,0.28481775522232056,0.06275645643472672,0.6854935884475708,0.11585807055234909,0.2461984008550644
2021-09-01,80.69696807861328,92.04731750488281,67.94027709960938,0.1404494345188141,0.10299625247716904,0.6039325594902039,0.06554307043552399,0.12640449404716492
2021-10-01,79.02923583984375,93.80802917480469,61.149112701416016,0.16131199896335602,0.10306044667959213,0.5466684699058533,0.11202222853899002,0.2509297728538513
2021-11-01,86.56914520263672,121.5009536743164,39.74269104003906,0.23691068589687347,0.12793177366256714,1.2129826545715332,0.07581141591072083,0.3601042330265045
2021-12-01,105.34542083740234,155.3102569580078,47.65493392944336,0.2666008472442627,0.14811158180236816,1.7230314016342163,0.049370527267456055,0.16292273998260498
2022-01-01,138.67498779296875,199.48751831054688,63.251529693603516,0.1357378363609314,0.2181500941514969,2.777777671813965,0.05817335844039917,0.19391119480133057
2022-02-01,216.1590118408203,320.6058654785156,105.21830749511719,0.16107922792434692,0.1761804074048996,5.396154403686523,0.08557333797216415,0.30705729126930237
2022-03-01,318.9549255371094,403.713623046875,250.9558563232422,0.5970149040222168,0.4573904573917389,8.801155090332031,0.24554646015167236,0.8762638568878174
2022-04-01,191.14309692382812,221.91055297851562,184.41781616210938,0.30910998582839966,0.12830981612205505,4.8291144371032715,0.11664528399705887,0.4315875470638275
2022-05-01,142.25848388671875,166.424560546875,140.13734436035156,0.20938260853290558,0.05093090236186981,3.1916699409484863,0.14147473871707916,0.4074472188949585
2022-06-01,130.7073211669922,160.72695922851562,114.81468963623047,0.2295738160610199,0.18836826086044312,3.025665283203125,0.17070873081684113,0.5592182874679565
2022-07-01,117.17676544189453,141.24293518066406,97.83872985839844,0.34855350852012634,0.4182642102241516,2.6954803466796875,0.18589520454406738,0.627396285533905
2022-08-01,132.86322021484375,159.38302612304688,111.15857696533203,0.26646140217781067,0.12434864789247513,2.415916681289673,0.24277593195438385,0.34343913197517395
2022-09-01,131.98587036132812,170.31179809570312,108.6280746459961,0.1649484485387802,0.11192930489778519,3.0220913887023926,0.07069219648838043,0.46539026498794556
2022-10-01,143.16241455078125,185.2843017578125,112.6750259399414,0.2612745761871338,0.36919233202934265,3.385209560394287,0.05111893638968468,0.3919118344783783
2022-11-01,116.7162857055664,143.0465545654297,98.68260955810547,0.091225266456604,0.16534580290317535,2.4630823135375977,0.22236159443855286,0.48463425040245056
2022-12-01,111.19593811035156,119.1385269165039,109.772216796875,0.1301841139793396,0.16118033230304718,2.2813217639923096,0.04339470714330673,0.2541689872741699
2023-01-01,104.26704406738281,113.02135467529297,94.62993621826172,0.19585543870925903,0.04422542452812195,1.971190333366394,0.056861259043216705,0.24008086323738098
2023-02-01,120.99437713623047,147.05015563964844,103.02875518798828,0.17344896495342255,0.14009340107440948,2.301534414291382,0.13342228531837463,0.4869913160800934
2023-03-01,105.37997436523438,125.08584594726562,86.75404357910156,0.3243306875228882,0.36560913920402527,2.046231985092163,0.04717537388205528,0.21818611025810242
2023-04-01,106.80965423583984,118.16682434082031,93.2484130859375,0.30479896068573,0.4150454103946686,1.8093385696411133,0.330739289522171,0.27885863184928894
2023-05-01,108.46768188476562,122.47150421142578,92.75943756103516,0.19992730021476746,0.3332121670246124,1.9023385047912598,0.2362777143716812,0.35744577646255493
2023-06-01,110.52894592285156,129.40652465820312,95.2789077758789,0.16514772176742554,0.20796379446983337,2.214202642440796,0.10398189723491669,0.15903113782405853
2023-07-01,107.44878387451172,123.80915069580078,91.76800537109375,0.316691517829895,0.09314455837011337,2.080228567123413,0.08693492412567139,0.4781420826911926
2023-08-01,101.14118194580078,117.60943603515625,83.60504913330078,0.16988229751586914,0.2669578790664673,1.9657808542251587,0.07887392491102219,0.3276301324367523
2023-09-01,98.63481140136719,125.65179443359375,68.4659194946289,0.19964909553527832,0.24804888665676117,1.9057414531707764,0.12704943120479584,0.387198269367218
2023-10-01,197.8870086669922,205.04005432128906,221.80393981933594,4.335104942321777,0.7941721081733704,1.8391354084014893,1.6361138820648193,0.4060428738594055
2023-11-01,156.69613647460938,143.49435424804688,189.5543975830078,3.1854307651519775,0.29413604736328125,1.2704174518585205,1.20783531665802,0.22529570758342743
2023-12-01,142.2794647216797,136.1783905029297,173.96380615234375,2.45236873626709,0.276776522397995,1.4997425079345703,0.9204428195953369,0.2124098837375641
2024-01-01,160.3736572265625,140.83609008789062,208.4711456298828,2.780909538269043,0.563697874546051,1.5533007383346558,1.0146561861038208,0.34448203444480896
2024-02-01,146.59817504882812,140.2446746826172,171.18118286132812,2.2377805709838867,0.28135836124420166,1.720866322517395,0.9225937128067017,0.24864228069782257
2024-03-01,133.21316528320312,121.53968048095703,151.81399536132812,1.8871403932571411,0.1967051923274994,1.5797885656356812,0.6577329635620117,0.23358741402626038
2024-04-01,163.9473419189453,170.697998046875,165.99069213867188,2.911208152770996,0.3923802375793457,1.8289982080459595,0.6961584687232971,0.25314852595329285
2024-05-01,130.52186584472656,131.44712829589844,133.154296875,1.7494494915008545,0.2569121718406677,1.7188646793365479,0.7095668911933899,0.17739172279834747
2024-06-01,113.0927963256836,125.71302795410156,109.73841094970703,1.5153436660766602,0.1521683931350708,1.4709612131118774,0.46918588876724243,0.17118944227695465
2024-07-01,92.3948745727539,95.1602783203125,95.11029815673828,1.07771897315979,0.14164306223392487,0.9915013909339905,0.2771277129650116,0.1478014588356018
2024-08-01,140.97506713867188,124.80498504638672,165.17947387695312,1.8799848556518555,0.2595265209674835,1.5508291721343994,0.7912393808364868,0.22154703736305237
2024-09-01,130.35877990722656,134.03704833984375,135.5546112060547,1.8476351499557495,0.14963242411613464,1.4442782402038574,0.4684145450592041,0.2732418179512024
2024-10-01,130.689208984375,128.40969848632812,142.81838989257812,2.095956563949585,0.30295535922050476,1.3663904666900635,0.27204155921936035,0.27822431921958923
2024-11-01,128.90164184570312,139.14866638183594,127.42887115478516,1.4104905128479004,0.21409231424331665,1.9709086418151855,0.20779548585414886,0.2770606279373169
2024-12-01,142.36643981933594,128.26246643066406,164.81373596191406,1.613464117050171,0.3407747447490692,2.295013666152954,0.25731968879699707,1.1961889266967773
2025-01-01,113.233154296875,117.08644104003906,109.50493621826172,1.0257693529129028,0.24393294751644135,1.1258443593978882,0.31273454427719116,0.20640480518341064
2025-02-01,136.9805908203125,138.7676544189453,140.7871551513672,0.996834397315979,0.687007486820221,1.953256607055664,0.3771805763244629,0.2896207869052887
2025-03-01,175.30819702148438,195.3491973876953,159.033203125,1.2033908367156982,0.8002845644950867,2.4719901084899902,0.4327464699745178,0.337897926568985
2025-04-01,140.97369384765625,159.25746154785156,132.05572509765625,1.122300386428833,0.26085901260375977,1.522688627243042,0.2426595538854599,0.27299198508262634
2025-05-01,166.0472412109375,203.87728881835938,149.2124481201172,1.8961783647537231,0.6964358687400818,1.49236261844635,0.29262012243270874,0.6905834674835205
2025-06-01,221.13490295410156,286.4390869140625,182.07473754882812,4.164853572845459,0.4537825584411621,2.1694536209106445,0.3605395555496216,0.6589171290397644
2025-07-01,134.2220001220703,156.11004638671875,119.33242797851562,1.8046836853027344,0.20521487295627594,1.3942539691925049,0.3198937773704529,0.356108158826828
2025-08-01,138.98846435546875,160.41519165039062,121.7310562133789,1.52173912525177,0.17902813851833344,1.7135549783706665,0.2877237796783447,0.26214835047721863
2025-09-01,125.86952209472656,141.8061065673828,114.78914642333984,1.378184199333191,0.25473546981811523,1.4304375648498535,0.2808621823787689,0.2808621823787689
2025-10-01,154.51292419433594,167.99813842773438,151.54867553710938,1.4885233640670776,0.2251547873020172,1.513540506362915,0.5691412687301636,0.5065982937812805
2025-11-01,104.35176849365234,118.69731903076172,88.69731140136719,0.5782163143157959,0.20111872255802155,1.288416862487793,0.18854880332946777,0.3142479956150055
2025-12-01,130.9558563232422,144.90623474121094,121.78854370117188,0.6557376980781555,0.15081967413425446,1.6721311807632446,0.16393442451953888,0.2426229566335678
2026-01-01,168.62986755371094,220.17141723632812,100.22209930419922,1.1633694171905518,0.335946261882782,1.9036954641342163,0.1990792602300644,0.3732736110687256
2026-02-01,120.74515533447266,157.46743774414062,81.67977142333984,1.1280426979064941,0.3232403099536896,1.2863645553588867,0.23088593780994415,0.3694175183773041
2026-03-01,329.653564453125,318.0307312011719,448.65478515625,6.3591814041137695,2.2311904430389404,2.48486590385437,0.622657835483551,0.8013836741447449
2026-04-01,250.80728149414062,268.3531799316406,307.2479248046875,3.7023231983184814,0.8820971846580505,1.7393465042114258,0.4472605288028717,0.4658963978290558
2026-05-01,184.1770477294922,214.3944549560547,198.08383178710938,2.1421682834625244,0.5785921216011047,1.4740322828292847,0.22730404138565063,0.28240805864334106
