date,episode,event_day,brent,wti,ovx,brent_ret,wti_ret,brent_vol,wti_vol,gprd
1990-07-19,gulf_war_1990,-10,17.85,19.07,,0.0084388686458648,0.0265690442477133,36.65683351699759,42.151187052125714,82.25337219238281
1990-07-20,gulf_war_1990,-9,18.0,19.61,,0.0083682496705165,0.027923220595927,36.50987243733723,41.088185083910055,90.64240264892578
1990-07-23,gulf_war_1990,-8,18.73,19.88,,0.0397547585598325,0.013674561020173,36.13538341426239,40.724747786735136,107.77188873291016
1990-07-24,gulf_war_1990,-7,19.08,19.84,,0.0185141495641432,-0.0020140993717011,36.26929567397702,39.43842604608261,133.89120483398438
1990-07-25,gulf_war_1990,-6,19.0,19.33,,-0.0042016868536999,-0.0260418086364872,36.43896408858844,37.11882113098929,122.68769073486328
1990-07-26,gulf_war_1990,-5,18.73,20.33,,-0.0143124627104432,0.0504393344200158,36.27917173124185,38.43116632747144,85.66985321044922
1990-07-27,gulf_war_1990,-4,19.03,20.07,,0.0158901648520609,-0.0128714648320084,36.295477916809375,38.51917021686068,79.7643814086914
1990-07-30,gulf_war_1990,-3,18.98,20.24,,-0.0026308881262763,0.008434681611018,36.31412344594877,38.1309623651418,63.260841369628906
1990-07-31,gulf_war_1990,-2,19.23,20.57,,0.0130857664189065,0.0161728592456011,34.63117440319652,37.8413068207261,130.75924682617188
1990-08-01,gulf_war_1990,-1,19.93,21.59,,0.0357545746240148,0.0483965408618502,35.63592463539311,39.28646320507052,137.2349395751953
1990-08-02,gulf_war_1990,0,22.25,23.71,,0.1101158743875459,0.093666655550598,48.89881882613045,48.05818623956556,108.8637237548828
1990-08-03,gulf_war_1990,1,24.13,23.79,,0.0811138710246911,0.003368424237552,52.01707317872408,47.04335355522869,250.3923492431641
1990-08-06,gulf_war_1990,2,27.28,28.73,,0.122697953338321,0.1886765486763318,62.30204888210299,75.18246256193515,257.9698791503906
1990-08-07,gulf_war_1990,3,27.35,29.6,,0.0025626958927289,0.0298324883388165,60.14106113633708,74.90236449225709,299.6830139160156
1990-08-08,gulf_war_1990,4,25.15,26.19,,-0.0838586323222421,-0.1223967028103941,71.46477503598199,91.15225253977506,324.4766540527344
1990-08-09,gulf_war_1990,5,25.9,25.69,,0.0293850721597439,-0.0192758473978282,71.2811175363056,92.17212359990648,223.92648315429688
1990-08-10,gulf_war_1990,6,26.3,26.38,,0.0153259704782269,0.0265043361673762,71.20773668969994,90.41768273080862,216.12738037109372
1990-08-13,gulf_war_1990,7,26.63,27.07,,0.0124694606421218,0.0258199563370412,69.29790866871114,89.62391036260316,343.0672912597656
1990-08-14,gulf_war_1990,8,27.1,26.7,,0.0174953280598145,-0.013762538220006,69.01909505052049,90.31753313189746,379.8816223144531
1990-08-15,gulf_war_1990,9,26.53,26.54,,-0.0212575597360069,-0.0060105365021423,69.9097696104695,89.50782303052563,269.11553955078125
1990-08-16,gulf_war_1990,10,27.2,27.4,,0.0249408051523032,0.0318899844899631,69.77377501996035,89.63950287341692,192.85498046875
1990-08-17,gulf_war_1990,11,28.45,28.65,,0.0449311872703882,0.044610429766724,70.12587724284481,90.06041028327829,236.6119842529297
1990-08-20,gulf_war_1990,12,28.9,28.63,,0.0156934345460465,-0.0006983240507249,69.98964103308288,90.263952611242,234.8911590576172
1990-08-21,gulf_war_1990,13,29.05,28.46,,0.0051768881795337,-0.0059555264483173,69.94337923186272,90.638385111401,317.216064453125
1990-08-22,gulf_war_1990,14,30.45,30.52,,0.0470675108579857,0.0698826137545498,70.51770787062176,92.13889547216868,344.5464172363281
1990-08-23,gulf_war_1990,15,32.35,31.67,,0.0605280267910036,0.0369876541342923,71.02049529003645,90.70237370426037,294.7952575683594
1990-08-24,gulf_war_1990,16,31.65,31.1,,-0.0218758723567244,-0.0181620413653599,71.5985706694075,91.2475622176684,270.3261108398437
1990-08-27,gulf_war_1990,17,27.65,27.36,,-0.1351124206218414,-0.1281257264308387,90.60087564765811,104.3164986924071,245.1539306640625
1990-08-28,gulf_war_1990,18,27.65,27.73,,0.0,0.0134327668733368,90.53071267430585,104.29270825371076,266.14605712890625
1990-08-29,gulf_war_1990,19,27.65,26.15,,0.0,-0.0586656691167547,90.73195286579605,107.3630067371632,292.7158508300781
1990-08-30,gulf_war_1990,20,27.5,26.96,,-0.005439723295818,0.0305050955331744,90.79799196921718,106.7640181743258,186.4215545654297
1990-08-31,gulf_war_1990,21,27.8,27.45,,0.0108500160240658,0.0180118819114332,83.99814227475242,102.47582550813522,263.6446838378906
1990-09-03,gulf_war_1990,22,30.53,27.45,,0.0936737860501951,0.0,85.42708742291025,102.49740265955074,259.2444152832031
1990-09-04,gulf_war_1990,23,30.08,29.3,,-0.0148493076651474,0.0652213480674819,75.52121661195838,81.71166969935545,292.6101379394531
1990-09-05,gulf_war_1990,24,31.23,30.0,,0.0375186722133482,0.0236098656391336,76.36539763951976,81.46244598414597,275.6443176269531
1990-09-06,gulf_war_1990,25,32.15,31.51,,0.0290332793886412,0.0491075741070278,69.25049660980035,69.62957892960601,179.05772399902344
1990-09-07,gulf_war_1990,26,31.45,30.09,,-0.0220134675371788,-0.0461120651272294,69.88200099863924,71.58638455328557,211.1138153076172
1990-09-10,gulf_war_1990,27,31.45,30.83,,0.0,0.0242953512561051,69.91564021543815,71.51665988995897,198.42335510253903
1990-09-11,gulf_war_1990,28,32.1,30.29,,0.0204570469895208,-0.017670616858913,70.02721835961209,71.69365405488698,187.1507110595703
1990-09-12,gulf_war_1990,29,31.28,30.85,,-0.0258771144588598,0.018319125312251,70.9617009301365,71.47695568421479,145.5133056640625
1990-09-13,gulf_war_1990,30,31.88,31.2,,0.0189999382449039,0.0112813444640397,70.3213368009406,71.33488975784952,130.038818359375
1990-09-14,gulf_war_1990,31,33.35,31.79,,0.0450789184396185,0.0187336801072745,71.24557703987375,70.91719233832102,196.90087890625
1990-09-17,gulf_war_1990,32,34.9,33.73,,0.0454290568467486,0.0592358741508474,71.27679402573031,72.06421933551273,184.6176300048828
1990-09-18,gulf_war_1990,33,35.95,33.48,,0.0296422549586742,-0.0074394034522842,71.58694260564722,72.20176966611143,175.5300750732422
1990-09-19,gulf_war_1990,34,35.08,33.18,,-0.0244979166630735,-0.009000960858976,72.59049708787866,72.28068997777658,206.7483367919922
1990-09-20,gulf_war_1990,35,35.65,34.44,,0.0161179793563225,0.0372713947972316,71.32518482767756,69.55479359659267,143.71986389160156
1990-09-21,gulf_war_1990,36,36.95,36.21,,0.0358165005339058,0.0501166442180198,69.50099164235175,70.44068486906629,172.69309997558594
1990-09-24,gulf_war_1990,37,40.75,39.05,,0.0978901922926609,0.0755075525081451,75.50061715762483,73.72568829561929,199.94290161132807
1990-09-25,gulf_war_1990,38,39.9,38.33,,-0.0210795157910539,-0.0186099968932311,55.06646923585993,55.13216773339731,280.1899108886719
1990-09-26,gulf_war_1990,39,40.85,39.12,,0.0235304974101942,0.0204009657741528,54.72842281426118,55.14325309434359,192.8402862548828
1990-09-27,gulf_war_1990,40,41.45,39.77,,0.0145810602752921,0.0164790140529829,54.3362180891492,47.92870245749464,153.65740966796875
1990-09-28,gulf_war_1990,41,41.0,39.53,,-0.0109158148769962,-0.0060529819110051,54.68212262765063,48.58432916018432,148.15382385253906
1990-10-01,gulf_war_1990,42,38.95,37.08,,-0.0512932943875504,-0.0639821366109397,59.845359323777046,56.31681616443288,213.21080017089844
1990-10-02,gulf_war_1990,43,35.45,34.43,,-0.0941555193386207,-0.074149463347222,64.35307097157886,64.02290335148643,177.7030792236328
1990-10-03,gulf_war_1990,44,37.55,37.04,,0.0575501252320071,0.0730701324275462,66.10286815157531,64.91522632274145,129.118896484375
1990-10-04,gulf_war_1990,45,37.2,36.76,,-0.0093646169310427,-0.0075881122904923,65.68773428291863,65.06092407521865,140.66104125976562
1990-10-05,gulf_war_1990,46,39.05,37.87,,0.0485341150065939,0.0297489444262171,66.80009518309681,63.91820213055831,179.5970458984375
1990-10-08,gulf_war_1990,47,39.2,38.88,,0.003833870510722,0.0263207376785349,65.86904760195196,60.93953000242702,159.047119140625
1990-10-09,gulf_war_1990,48,40.9,40.73,,0.0424533162523391,0.0464849420680826,66.65423662846696,61.97033956428057,146.35792541503906
1990-10-10,gulf_war_1990,49,40.2,39.3,,-0.0172630674237805,-0.0357404027851056,67.36462898625182,63.406260634665024,160.437744140625
1990-10-11,gulf_war_1990,50,41.15,41.07,,0.0233569314981034,0.0440534090932517,66.14285266687315,64.32890426327522,104.30451965332033
1990-10-12,gulf_war_1990,51,39.9,39.42,,-0.030847603227261,-0.041004626243893,67.81169713229365,67.06084519890987,146.78443908691406
1990-10-15,gulf_war_1990,52,38.28,38.0,,-0.0414487573110641,-0.0366871419981884,68.89793428800455,68.99002083869435,167.1958465576172
1990-10-16,gulf_war_1990,53,38.93,39.34,,0.0168375950376107,0.0346556532345272,67.564829511971,67.21485807307789,156.11512756347656
1990-10-17,gulf_war_1990,54,35.33,36.03,,-0.0970327002513106,-0.0878898882009112,75.56760378761382,74.79214812294705,132.3201904296875
1990-10-18,gulf_war_1990,55,35.65,37.03,,0.009016685489251,0.0273764701655193,75.13551158608604,75.08733481909,125.92654418945312
1990-10-19,gulf_war_1990,56,33.2,33.82,,-0.0711992709378619,-0.0906760514550871,78.88276574847725,81.05180921874229,159.44970703125
1990-10-22,gulf_war_1990,57,27.45,28.46,,-0.1901837079669033,-0.1725527508087278,100.59178008171747,98.2775369691472,167.99075317382812
1990-10-23,gulf_war_1990,58,28.95,29.95,,0.0532040360634646,0.0510297318997519,95.37624085286689,95.88467400577797,144.02468872070312
1990-10-24,gulf_war_1990,59,30.1,30.8,,0.0389549677358258,0.0279853654180705,97.24462812356548,96.872263577509,167.0202178955078
1990-10-25,gulf_war_1990,60,32.9,34.35,,0.0889474860164961,0.1090873286888294,102.85523802313492,104.96083199872815,115.72289276123048
2018-04-24,iran_sanctions_2018,-10,75.86,67.66,29.15,0.0175536422096403,0.0007392622499759,30.090186966166293,24.792920510820174,150.57125854492188
2018-04-25,iran_sanctions_2018,-9,73.79,68.0,28.16,-0.0276663151904775,0.0050125418235444,32.01084667683702,24.7228606745057,193.12814331054688
2018-04-26,iran_sanctions_2018,-8,75.39,68.18,26.86,0.0214514191533351,0.0026435615336503,32.52923217534332,24.624630318962215,146.26922607421875
2018-04-27,iran_sanctions_2018,-7,75.33,68.11,25.59,-0.0007961783860072,-0.0010272214565301,32.30934182815302,23.950811833671285,91.80326080322266
2018-04-30,iran_sanctions_2018,-6,75.92,68.56,28.28,0.007801692464069,0.0065852290362974,32.19345809623662,23.89159958587002,134.5440673828125
2018-05-01,iran_sanctions_2018,-5,74.85,67.28,28.07,-0.0141940434360351,-0.0188462586248317,32.815008814149024,22.507558844581425,155.34799194335938
2018-05-02,iran_sanctions_2018,-4,73.14,67.91,27.32,-0.0231106981444021,0.0093202834610073,34.10873536965208,22.59526794903179,186.62353515625
2018-05-03,iran_sanctions_2018,-3,73.45,68.45,26.69,0.004229489898651,0.0079202526087579,29.53864683157281,22.59580342305006,125.34039306640624
2018-05-04,iran_sanctions_2018,-2,74.75,69.71,26.17,0.0175443096509095,0.0182402277638492,29.84598532422486,23.146099434652108,139.01663208007812
2018-05-07,iran_sanctions_2018,-1,74.75,70.74,28.86,0.0,0.0146674042790271,29.834986006345115,20.95311714446781,79.70087432861328
2018-05-08,iran_sanctions_2018,0,74.16,68.83,26.76,-0.007924291013196,-0.0273714873670616,29.31241022028943,23.159620212237943,125.366455078125
2018-05-09,iran_sanctions_2018,1,77.6,71.16,26.71,0.0453425059315732,0.0332911663873616,30.77707629839849,23.317646035219585,284.1881103515625
2018-05-10,iran_sanctions_2018,2,77.59,71.36,26.61,-0.000128874283315,0.0028066254741194,29.49097841510316,22.566214926233155,233.39476013183597
2018-05-11,iran_sanctions_2018,3,77.37,70.69,25.74,-0.0028394443444948,-0.0094333680888913,28.576277168954707,22.978481719921252,163.6328582763672
2018-05-14,iran_sanctions_2018,4,78.17,71.01,25.93,0.0102868336708758,0.0045165920111396,27.731146152967984,22.98199853748501,125.73249816894533
2018-05-15,iran_sanctions_2018,5,78.94,71.34,26.61,0.0098021280024618,0.0046364677367432,27.799051193714572,21.888488139742503,112.64398956298828
2018-05-16,iran_sanctions_2018,6,78.19,71.43,25.73,-0.0095463080982784,0.0012607692361356,26.868662936339383,21.90153965591079,150.57125854492188
2018-05-17,iran_sanctions_2018,7,80.09,71.47,25.11,0.0240092401991683,0.0005598320650062,26.479256852503585,19.873538103559078,152.6919708251953
2018-05-18,iran_sanctions_2018,8,78.38,71.23,25.23,-0.0215822095641056,-0.0033637032416249,27.55968971171233,19.913024865474288,92.4624481201172
2018-05-21,iran_sanctions_2018,9,78.34,72.26,25.79,-0.0005104645338,0.0143566477292316,27.51212160893736,20.33676853931181,125.66645050048828
2018-05-22,iran_sanctions_2018,10,80.42,72.09,25.89,0.0262045732314427,-0.0023553873030069,28.686317740869804,19.93758316616588,81.85124206542969
2018-05-23,iran_sanctions_2018,11,78.69,71.85,26.04,-0.021746818922236,-0.0033347258914533,29.49930983914267,20.04685924460641,179.17031860351562
2018-05-24,iran_sanctions_2018,12,78.9,70.77,25.37,0.0026651453049367,-0.0151454304373405,27.491989464621643,20.96925086284671,153.59022521972656
2018-05-25,iran_sanctions_2018,13,76.6,67.92,27.76,-0.029584151105283,-0.0411046400846014,28.870157153638832,25.71371414211004,140.5561981201172
2018-05-29,iran_sanctions_2018,14,74.51,66.8,29.04,-0.0276637321809093,-0.0166274614604919,30.50629467633981,26.338606986935147,71.2380142211914
2018-05-30,iran_sanctions_2018,15,75.89,68.24,27.9,0.0183515788501851,0.0213278226408235,31.0824230128921,27.344182127394458,141.90927124023438
2018-05-31,iran_sanctions_2018,16,76.45,66.98,27.61,0.0073520089592499,-0.018636835817365,30.73855951561032,27.326300764762923,92.13764190673828
2018-06-01,iran_sanctions_2018,17,74.54,65.81,28.65,-0.0253010383239589,-0.0176222648980308,30.96363988776903,27.73282699843646,186.23287963867188
2018-06-04,iran_sanctions_2018,18,73.41,64.76,29.49,-0.0152757279284225,-0.0160836736585933,31.433263956076647,27.951651029040647,146.1427001953125
2018-06-05,iran_sanctions_2018,19,72.91,65.51,29.3,-0.0068343623043511,0.0115146739343505,30.84520910458648,27.410510968588124,178.0370330810547
2018-06-06,iran_sanctions_2018,20,73.23,64.75,29.14,0.0043793692546396,-0.0116691021641379,30.90369193831463,26.787795021973334,108.60877227783205
2018-06-07,iran_sanctions_2018,21,75.23,65.96,28.05,0.0269449144991519,0.0185147971117509,32.24758511967044,26.50405656506741,88.7294921875
2018-06-08,iran_sanctions_2018,22,75.11,65.77,27.59,-0.0015963818742098,-0.0028846903781384,27.857286010496384,23.184608278954656,116.16471099853516
2018-06-11,iran_sanctions_2018,23,74.58,66.1,26.86,-0.0070813309472456,0.0050049395443809,27.916547542446025,23.27527934721415,135.01004028320312
2018-06-12,iran_sanctions_2018,24,74.86,66.38,26.58,0.003747327725608,0.0042270594341879,27.98131799417691,23.32829516412504,155.8855438232422
2018-06-13,iran_sanctions_2018,25,75.07,66.63,27.08,0.0028013091086279,0.0037591202826173,27.70038117023509,23.29901825341147,140.87469482421875
2018-06-14,iran_sanctions_2018,26,74.77,66.91,26.69,-0.0040042765730867,0.0041935062202797,27.37475718419193,23.28114747381636,188.4875030517578
2018-06-15,iran_sanctions_2018,27,72.02,65.01,27.64,-0.037472876791095,-0.0288073285783481,29.86568720102167,24.85594698336233,69.98382568359375
2018-06-18,iran_sanctions_2018,28,74.87,65.91,27.58,0.0388094180218647,0.0137490708482509,31.97482079523035,25.601933145094517,47.07783508300781
2018-06-19,iran_sanctions_2018,29,74.92,65.09,28.01,0.0006676013332939,-0.0125192474803324,31.28546426791296,25.775584548103243,99.42222595214844
2018-06-20,iran_sanctions_2018,30,74.25,65.92,28.06,-0.0089830998930787,0.0126709580169203,31.36708742460492,25.62810350271737,121.3394775390625
2018-06-21,iran_sanctions_2018,31,72.87,65.68,27.78,-0.018760746000618,-0.0036474204570434,30.010933662387774,25.61919507583851,93.59835052490234
2018-06-22,iran_sanctions_2018,32,73.67,69.02,25.52,0.0109186290125314,0.0496018525256845,29.804882194465836,31.737763291985456,57.31085968017578
2018-06-25,iran_sanctions_2018,33,72.82,69.91,26.1,-0.011605017947435,0.0128123828540365,29.864612650971868,31.746791530595548,87.7807388305664
2018-06-26,iran_sanctions_2018,34,73.58,75.23,25.67,0.0103826069293409,0.0733413870482365,28.70670955765896,37.56225499680006,137.2349395751953
2018-06-27,iran_sanctions_2018,35,76.09,77.41,27.69,0.0335436005118032,0.0285658836444917,29.605528864728537,37.56613292390541,130.60302734375
2018-06-28,iran_sanctions_2018,36,76.26,73.45,27.35,0.0022317042409862,-0.0525110685967356,28.934070958264684,42.41743131246224,88.44233703613281
2018-06-29,iran_sanctions_2018,37,77.44,74.13,27.18,0.0153548885389038,0.0092154060487419,29.3125553379964,41.67649438756384,141.04144287109375
2018-07-02,iran_sanctions_2018,38,76.71,73.89,28.65,-0.0094713649971167,-0.003242807868072,28.034326248853088,40.99249370082131,123.02521514892578
2018-07-03,iran_sanctions_2018,39,75.87,74.19,28.58,-0.0110107286212212,0.0040518694008783,27.752829763242698,40.24232275528322,146.81739807128906
2018-07-04,iran_sanctions_2018,40,76.99,,,0.0146541939399745,,27.930667752081323,,49.22091674804688
2018-07-05,iran_sanctions_2018,41,77.09,73.05,28.77,0.0012980271812128,-0.015485232004726,27.92623011215615,40.89771596903211,119.5712890625
2018-07-06,iran_sanctions_2018,42,74.98,73.78,28.13,-0.0277521591634048,0.009943553971821,28.305538597587564,40.45821779244527,128.33192443847656
2018-07-09,iran_sanctions_2018,43,77.08,73.93,28.12,0.0276224322383995,0.0020310074004791,29.884192170343344,40.22920116869946,170.4659423828125
2018-07-10,iran_sanctions_2018,44,77.8,74.11,26.9,0.0092975876381803,0.0024317763942586,29.848626169157573,40.13275765296475,121.88159942626952
2018-07-11,iran_sanctions_2018,45,75.35,70.47,28.56,-0.0319975061118415,-0.0503633886243364,32.0724129052218,44.587064463374034,125.24701690673828
2018-07-12,iran_sanctions_2018,46,72.11,70.28,27.81,-0.0439511941438362,-0.0026998240200346,35.51889007184682,44.62854295716202,172.8645782470703
2018-07-13,iran_sanctions_2018,47,74.11,71.03,27.54,0.0273577450345994,0.0106150596908221,36.92036952444732,44.7117987569445,125.4760513305664
2018-07-16,iran_sanctions_2018,48,71.03,68.22,29.01,-0.0424481529535488,-0.0403645460192189,37.58373450047144,47.16461047578187,168.76254272460938
2018-07-17,iran_sanctions_2018,49,70.87,68.03,28.0,-0.0022551101875539,-0.0027889926335302,34.73415914804873,45.94347038109981,100.79735565185548
2018-07-18,iran_sanctions_2018,50,70.52,68.78,27.24,-0.0049508552924952,0.0109642206471507,34.72179122990286,45.86503795591528,88.57132720947266
2018-07-19,iran_sanctions_2018,51,71.94,69.42,26.84,0.0199360807378084,0.00926200542952,35.51759228417629,45.61442016225567,143.0528564453125
2018-07-20,iran_sanctions_2018,52,71.99,70.31,26.01,0.0006947822137336,0.0127390257774297,34.96169614991439,45.616232007108536,54.0997200012207
2018-07-23,iran_sanctions_2018,53,73.45,67.9,26.15,0.0200776821386748,-0.0348780016464194,35.481308343664224,47.44207148519863,161.70819091796875
2018-07-24,iran_sanctions_2018,54,73.53,70.77,25.65,0.0010885835882446,0.0413991475230427,35.236233038027805,46.47112265582171,161.12632751464844
2018-07-25,iran_sanctions_2018,55,73.67,71.13,25.34,0.0019021744865913,0.0050740066577304,35.05740023714725,46.30433246424048,105.160888671875
2018-07-26,iran_sanctions_2018,56,74.51,71.59,24.88,0.0113376838709139,0.0064462106626699,33.17850274716014,38.19183374161143,107.8719482421875
2018-07-27,iran_sanctions_2018,57,74.84,68.66,24.97,0.0044191568402528,-0.0417886113785477,33.21397663334464,38.784819114314224,119.3347396850586
2018-07-30,iran_sanctions_2018,58,74.99,71.19,25.83,0.0020022699074089,0.0361855710862359,32.70908998651724,37.447010442739085,118.85968017578124
2018-07-31,iran_sanctions_2018,59,74.16,69.88,26.52,-0.0111298500556982,-0.0185728738499261,32.76481748670969,37.68272185919779,109.94091796875
2018-08-01,iran_sanctions_2018,60,72.28,68.8,26.45,-0.0256774555335718,-0.0155757403265577,33.67629056861082,37.941800628026535,140.02928161621094
2022-02-10,russia_ukraine_2022,-10,96.37,89.83,43.81,0.0148445126049012,0.0028985527540114,23.905401906848446,23.36772684972044,108.53760528564452
2022-02-11,russia_ukraine_2022,-9,97.5,93.1,47.44,0.0116574281406054,0.0357551890419061,23.89606519209036,25.44644749705254,179.2779541015625
2022-02-14,russia_ukraine_2022,-8,101.66,95.52,48.83,0.0417815340149549,0.0256614653612705,26.749408487893373,25.925474529111785,191.8865509033203
2022-02-15,russia_ukraine_2022,-7,98.43,92.07,48.36,-0.0322882763776363,-0.0367864923445374,30.062616538447656,29.452017557180827,229.0605316162109
2022-02-16,russia_ukraine_2022,-6,97.44,93.83,49.38,-0.0101088316795331,0.0189354770022039,30.444415258630592,29.45367772928548,223.4668731689453
2022-02-17,russia_ukraine_2022,-5,95.28,91.78,53.14,-0.0224168789145421,-0.0220902253352708,31.76176108786633,30.48436070677611,228.45294189453125
2022-02-18,russia_ukraine_2022,-4,96.18,91.26,52.01,0.009401510802472,-0.0056818334674309,31.833471620655125,30.460281723952427,226.3515472412109
2022-02-21,russia_ukraine_2022,-3,98.95,,,0.0283932361990581,,32.962638264566216,,152.3668212890625
2022-02-22,russia_ukraine_2022,-2,98.73,92.11,50.11,-0.0022258204252164,0.0092709395008876,31.561013591961995,29.977520727539712,279.43438720703125
2022-02-23,russia_ukraine_2022,-1,99.29,92.14,50.51,0.0056560094221444,0.0003256445076266,31.14083110046472,29.703454498974885,431.0212097167969
2022-02-24,russia_ukraine_2022,0,101.29,92.77,49.04,0.0199428286532031,0.0068141521574092,31.18771948212696,28.75580547736856,370.7033996582031
2022-02-25,russia_ukraine_2022,1,98.56,91.68,49.5,-0.0273221899134961,-0.0118190586987506,32.9691207670416,28.56194591114147,515.8916625976562
2022-02-28,russia_ukraine_2022,2,103.08,96.13,52.5,0.0448398859989545,0.0473971891112952,35.87567816822313,32.3579710291173,452.6180725097656
2022-03-01,russia_ukraine_2022,3,110.93,103.66,61.43,0.073393985966404,0.0754148706838357,42.87522194021358,40.58151128622456,540.827392578125
2022-03-02,russia_ukraine_2022,4,118.94,110.74,61.53,0.0697197925278792,0.0660687986332607,46.12509161423849,45.25035749353831,523.524658203125
2022-03-03,russia_ukraine_2022,5,115.36,107.69,64.37,-0.0305614907418086,-0.0279283820540315,48.54720345639586,46.63681846164238,436.8221435546875
2022-03-04,russia_ukraine_2022,6,123.86,115.77,77.29,0.0710942219732759,0.0723487348768474,52.809738107241785,51.26107315921292,350.0732116699219
2022-03-07,russia_ukraine_2022,7,129.02,119.26,78.91,0.0408155355941809,0.0297005194773227,52.812384187140616,51.48887204917762,362.3121032714844
2022-03-08,russia_ukraine_2022,8,133.18,123.64,75.82,0.0317341655783806,0.0360681335689556,53.05543020128479,51.99462833684949,352.1051025390625
2022-03-09,russia_ukraine_2022,9,116.58,108.81,73.25,-0.1331238640650726,-0.1277708753009948,73.45363010274664,71.22427441527671,295.3064270019531
2022-03-10,russia_ukraine_2022,10,114.54,105.93,67.34,-0.0176536256516924,-0.0268247433545158,73.6948343890307,71.53535543160294,352.4008178710937
2022-03-11,russia_ukraine_2022,11,118.11,109.31,68.01,0.0306922866580446,0.0314093836973393,74.05861848884004,71.95242914611826,410.3309631347656
2022-03-14,russia_ukraine_2022,12,110.39,103.22,65.42,-0.0675968435934955,-0.057325249585163,78.73416600982554,75.57993569577911,350.1087951660156
2022-03-15,russia_ukraine_2022,13,105.14,96.42,63.62,-0.0487267546389583,-0.0681489837431048,79.77455671137284,79.02461171878066,311.8822631835937
2022-03-16,russia_ukraine_2022,14,104.61,94.85,59.35,-0.0050536460356325,-0.016416952596453,78.86943721048736,78.75877892132796,473.2239685058594
2022-03-17,russia_ukraine_2022,15,113.5,102.97,67.78,0.0815636875657879,0.0821409872876361,83.23661548604859,82.50914586777047,290.3256225585937
2022-03-18,russia_ukraine_2022,16,114.32,104.69,69.09,0.0071986967001544,0.0165659186626041,82.5352294147592,82.46397715687162,285.3160400390625
2022-03-21,russia_ukraine_2022,17,122.29,112.14,70.78,0.0673937395796666,0.0687444883642628,85.00734430946976,84.64862977477674,227.7390289306641
2022-03-22,russia_ukraine_2022,18,121.53,111.03,69.56,-0.0062341273185696,-0.0099476556293521,84.98336337591101,84.75811564485049,244.8419647216797
2022-03-23,russia_ukraine_2022,19,127.52,114.89,72.59,0.0481120691591959,0.0341747137990991,85.87109091925105,85.19356841921496,267.4743957519531
2022-03-24,russia_ukraine_2022,20,123.98,114.2,69.14,-0.0281529527681315,-0.0060238516433635,86.98641034098615,85.31763711867275,317.0140991210937
2022-03-25,russia_ukraine_2022,21,122.67,116.2,68.91,-0.0106224392291127,0.017361547195901,87.21576001394831,85.34280025472692,350.7424621582031
2022-03-28,russia_ukraine_2022,22,114.5,107.55,67.04,-0.0689230000503663,-0.0773569887040718,90.53340467973236,90.39424656130004,281.920654296875
2022-03-29,russia_ukraine_2022,23,112.79,104.25,62.46,-0.0150471403424688,-0.0311639950348281,89.76469820303062,90.13273552611764,233.35958862304688
2022-03-30,russia_ukraine_2022,24,115.59,107.81,61.04,0.0245217646543503,0.0335785578721157,86.56332806248443,87.06074523468659,233.5088806152344
2022-03-31,russia_ukraine_2022,25,107.29,100.53,57.66,-0.074513998657521,-0.0699142281336978,86.75678374193889,87.16975863683979,254.8129119873047
2022-04-01,russia_ukraine_2022,26,106.13,99.32,54.36,-0.0108706908749238,-0.0121092297773629,86.29006800952229,86.80797132651857,188.1578063964844
2022-04-04,russia_ukraine_2022,27,108.15,103.29,54.31,0.0188543946253368,0.0391936053785763,82.37270929196447,83.85024824737653,163.0200653076172
2022-04-05,russia_ukraine_2022,28,106.6,101.98,53.8,-0.0144356406673236,-0.0127638503915323,80.58146877416416,82.89330877128309,212.41769409179688
2022-04-06,russia_ukraine_2022,29,100.81,96.39,53.15,-0.0558459546658938,-0.0563742538311329,80.7020178962698,82.96329443786043,175.74716186523438
2022-04-07,russia_ukraine_2022,30,99.83,96.05,54.23,-0.0097688177175163,-0.0035335725813111,67.91739847449688,71.45663627242345,243.41552734375
2022-04-08,russia_ukraine_2022,31,101.26,98.35,53.14,0.0142227271934293,0.0236636556205023,68.20724434799689,71.73714985553168,219.47674560546875
2022-04-11,russia_ukraine_2022,32,97.92,94.22,54.81,-0.0335406477777472,-0.0429000715631729,67.49473028112648,71.79462649270285,195.2273712158203
2022-04-12,russia_ukraine_2022,33,104.42,100.52,55.25,0.0642704092183904,0.0647242394034963,68.5024233708489,73.46052461344588,226.2524261474609
2022-04-13,russia_ukraine_2022,34,108.49,104.26,51.2,0.0382367748519529,0.0365310666645685,67.75163050990889,70.33467481953932,258.8768920898437
2022-04-14,russia_ukraine_2022,35,110.83,106.84,53.38,0.0213394929532024,0.0244446089018001,68.04652156400537,70.2847602140401,265.656005859375
2022-04-19,russia_ukraine_2022,36,105.49,102.54,50.34,-0.0493813340938443,-0.0540980175069779,63.93143615892688,67.28869855355785,213.5172576904297
2022-04-20,russia_ukraine_2022,37,105.05,102.56,52.23,-0.0041797344027079,0.0001950268168053,63.81324697747791,62.34628172245274,189.60824584960935
2022-04-21,russia_ukraine_2022,38,107.2,103.89,49.86,0.0202598213456922,0.0128846539100803,59.07966492087714,62.58472220335632,128.264404296875
2022-04-22,russia_ukraine_2022,39,105.15,102.86,51.15,-0.0193083464879928,-0.0099638067356701,59.25197286562119,61.11714068460492,246.79725646972656
2022-04-25,russia_ukraine_2022,40,99.27,99.6,52.86,-0.0575444915470783,-0.0322066757562176,58.18790922736121,61.826884908875634,246.8994598388672
2022-04-26,russia_ukraine_2022,41,102.89,102.62,53.57,0.0358170457860884,0.0298706809232662,60.12731509992979,62.5827716395409,160.5444793701172
2022-04-27,russia_ukraine_2022,42,103.3,101.96,53.38,0.003976919737874,-0.0064522660059042,60.28645732007224,56.95113191705215,186.6986541748047
2022-04-28,russia_ukraine_2022,43,105.78,105.47,51.94,0.023724089512241,0.0338459727806082,56.977131315876406,57.285962653641896,176.37631225585938
2022-04-29,russia_ukraine_2022,44,108.36,104.59,53.1,0.0240975515790605,-0.008378607522346,57.61117740250029,56.06919715734758,148.93714904785156
2022-05-03,russia_ukraine_2022,45,104.94,102.53,54.04,-0.0320702589583287,-0.0255177294791982,57.67535237960912,50.93986344668006,157.47349548339844
2022-05-04,russia_ukraine_2022,46,110.53,107.84,53.15,0.0518982190642983,0.050493208481997,54.92697257827468,52.12947461933456,163.44906616210938
2022-05-05,russia_ukraine_2022,47,112.11,108.17,54.72,0.014193554842638,0.0030554164782012,54.90672584103711,51.85022903812726,144.69874572753906
2022-05-06,russia_ukraine_2022,48,113.86,109.72,54.82,0.0154890913574335,0.0142276024272041,54.79353652116175,47.26186990550082,174.06805419921875
2022-05-09,russia_ukraine_2022,49,106.67,103.08,57.9,-0.0652296668855444,-0.0624262802852381,59.39759003221854,52.85705245144822,150.86941528320312
2022-05-10,russia_ukraine_2022,50,102.61,99.74,56.06,-0.0388045627632737,-0.0329385856661878,57.64513821533881,53.74728858450983,143.2461700439453
2022-05-11,russia_ukraine_2022,51,107.7,105.5,53.43,0.0484141902882251,0.0561441527981447,59.779639773952375,54.57575290985973,176.37631225585938
2022-05-12,russia_ukraine_2022,52,108.06,106.15,52.71,0.0033370442535769,0.006142235233144,59.65502164609725,50.14304589666529,158.2610626220703
2022-05-13,russia_ukraine_2022,53,112.12,110.52,51.22,0.0368830978806677,0.0403433119059505,59.1920351123456,50.48436260200703,162.08282470703125
2022-05-16,russia_ukraine_2022,54,114.86,114.07,51.89,0.0241442691395627,0.0316157949845906,55.78733927873154,50.93131716086182,168.75344848632812
2022-05-17,russia_ukraine_2022,55,112.89,112.31,50.34,-0.0173001021626948,-0.0155493900648616,54.870036209032016,51.19237833423725,174.62417602539062
2022-05-18,russia_ukraine_2022,56,110.04,109.67,51.89,-0.0255699572170817,-0.0237870482028272,55.1806266804998,48.002747689351125,165.89596557617188
2022-05-19,russia_ukraine_2022,57,113.22,112.21,51.16,0.0284888925521399,0.0228962589046573,53.011453720524585,48.46553910807877,162.38076782226562
2022-05-20,russia_ukraine_2022,58,113.63,112.63,50.72,0.0036147273214037,0.0037359943828302,52.94034783447229,48.36444331504488,140.9603271484375
2022-05-23,russia_ukraine_2022,59,115.13,110.32,48.63,0.0131143687556553,-0.0207228765745588,52.71677502577109,48.89226768229169,150.3084716796875
2022-05-24,russia_ukraine_2022,60,115.77,112.55,47.04,0.0055435395320639,0.0200123338676949,52.06695260733194,47.43400484171803,222.35826110839844
2025-05-30,twelve_day_war_2025,-10,64.32,61.46,40.71,-0.0043437859178453,-0.0032488657556656,31.05912331944672,28.28288175648177,185.31846618652344
2025-06-02,twelve_day_war_2025,-9,66.55,63.27,38.7,0.0340829199704097,0.0290247264564542,32.90636786827875,29.377523178426085,247.2065277099609
2025-06-03,twelve_day_war_2025,-8,67.48,64.1,37.75,0.0138777128366471,0.0130330807678312,32.44063085498047,28.90348830447764,205.0933074951172
2025-06-04,twelve_day_war_2025,-7,66.69,63.57,37.7,-0.0117762410335527,-0.0083027029783068,32.369590766922826,28.00019622295385,197.0300445556641
2025-06-05,twelve_day_war_2025,-6,67.14,64.06,34.89,0.0067249749076739,0.0076784832326948,32.220934939835075,26.095093091333855,245.16421508789065
2025-06-06,twelve_day_war_2025,-5,68.02,65.3,35.72,0.0130217880271604,0.0191718921013731,29.37971870522788,25.67646345961691,137.7939910888672
2025-06-09,twelve_day_war_2025,-4,68.73,65.99,34.42,0.0103840055544645,0.0105111791129449,27.95880343464678,24.028276107431,145.3411865234375
2025-06-10,twelve_day_war_2025,-3,68.41,65.66,35.05,-0.0046667723606073,-0.0050133033218836,26.25293239831876,23.59308730327403,188.4736785888672
2025-06-11,twelve_day_war_2025,-2,71.29,68.91,43.24,0.0412370523566305,0.04831139329567,29.140862565037708,28.19282429248973,177.35682678222656
2025-06-12,twelve_day_war_2025,-1,70.84,68.73,45.37,-0.0063322522149043,-0.0026155202356025,28.336034525967257,27.015969181296484,168.150634765625
2025-06-13,twelve_day_war_2025,0,76.0,73.84,57.23,0.0703095273716981,0.0717148050610829,35.967875957199986,35.72808525519685,166.77857971191406
2025-06-16,twelve_day_war_2025,1,75.05,72.53,56.6,-0.0125787822068601,-0.0179003208192757,34.96189095059668,35.26569554646597,273.92388916015625
2025-06-17,twelve_day_war_2025,2,78.7,75.62,71.56,0.0474885973438867,0.0417205290874658,37.60973589212308,37.26443392543696,293.2027893066406
2025-06-18,twelve_day_war_2025,3,78.38,75.89,66.86,-0.0040743626518721,0.0035641249530346,37.77949580699818,37.240186606965175,320.7700500488281
2025-06-19,twelve_day_war_2025,4,80.37,,,0.0250721794531416,,38.23674939260041,,205.7495574951172
2025-06-20,twelve_day_war_2025,5,78.73,75.72,64.67,-0.0206166950282512,-0.0022425970746994,38.634714714553446,37.30562822633682,284.8919982910156
2025-06-23,twelve_day_war_2025,6,74.34,69.36,53.65,-0.0573751123272698,-0.0877319938688356,44.25232004088821,49.41144204222788,540.163330078125
2025-06-24,twelve_day_war_2025,7,69.13,65.45,48.8,-0.0726603749119325,-0.0580238401163773,52.03728596948408,53.90311953260797,351.72052001953125
2025-06-25,twelve_day_war_2025,8,68.4,65.98,42.75,-0.0106159653286687,0.0080651734445263,51.78957645203295,53.9310626315332,328.4731140136719
2025-06-26,twelve_day_war_2025,9,68.57,66.44,41.86,0.002482296667768,0.0069476189446586,51.34586800652387,53.30092648485285,233.9731903076172
2025-06-27,twelve_day_war_2025,10,69.37,66.66,41.23,0.0115993761009369,0.0033057881344994,50.95571878479199,53.13981936840071,231.2438201904297
2025-06-30,twelve_day_war_2025,11,68.15,66.3,38.89,-0.0177433392546682,-0.0054151756877767,51.42133479274352,52.8684146878703,147.65321350097656
2025-07-01,twelve_day_war_2025,12,67.63,66.64,38.0,-0.0076594865556932,0.0051151006667704,50.23640858349776,52.81414741913206,189.46420288085935
2025-07-02,twelve_day_war_2025,13,70.8,68.66,40.24,0.0458073291128255,0.0298617901709586,52.45505163684378,52.86518627058705,95.84282684326172
2025-07-03,twelve_day_war_2025,14,70.42,68.13,37.75,-0.0053816869727675,-0.0077491432439692,52.285536515655394,52.902636421805326,96.75885009765624
2025-07-04,twelve_day_war_2025,15,71.03,,,0.008625009282812,,52.30860034280682,,156.76760864257812
2025-07-07,twelve_day_war_2025,16,71.95,69.16,41.23,0.0128691103236583,0.0150050160295129,52.30482431483399,52.89668074568091,115.55469512939452
2025-07-08,twelve_day_war_2025,17,72.5,69.55,35.71,0.0076151285272521,0.0056232575543622,52.26217999562531,52.88352758575372,151.7206573486328
2025-07-09,twelve_day_war_2025,18,71.98,69.61,34.17,-0.0071982592097444,0.0008623168111231,52.31351417467438,52.59755911403579,136.29527282714844
2025-07-10,twelve_day_war_2025,19,70.38,67.78,32.8,-0.0224791707574456,-0.0266410690016697,50.99653673093205,53.49975723166317,146.05677795410156
2025-07-11,twelve_day_war_2025,20,72.06,69.63,37.06,0.0235899734265081,0.0269283427755499,51.62317982256906,54.16681735458264,134.5205078125
2025-07-14,twelve_day_war_2025,21,70.96,68.19,33.53,-0.0153827673186232,-0.0208975824218937,45.22604909702751,52.10568832667427,107.62855529785156
2025-07-15,twelve_day_war_2025,22,70.27,67.76,34.38,-0.0097713727972176,-0.0063258761887625,45.16363425796309,52.14050869001405,166.55368041992188
2025-07-16,twelve_day_war_2025,23,69.67,67.13,33.16,-0.0085751561620787,-0.0093410123931389,41.25208805308255,45.03733450904859,177.89715576171875
2025-07-17,twelve_day_war_2025,24,71.32,68.76,32.84,0.0234069839529119,0.0239911425639883,42.47748157751764,45.80254617282388,155.00750732421875
2025-07-18,twelve_day_war_2025,25,71.06,68.53,32.17,-0.0036522024020585,-0.0033505749169162,41.1013984278445,42.88255701451809,140.04351806640625
2025-07-21,twelve_day_war_2025,26,71.92,68.39,31.38,0.0120297995704837,-0.0020449904877275,41.18058005860853,42.79047466807816,144.323486328125
2025-07-22,twelve_day_war_2025,27,69.69,67.56,32.26,-0.0314975547129374,-0.0122105231704053,37.81719463197871,42.85013582983026,118.55506134033205
2025-07-23,twelve_day_war_2025,28,69.17,66.05,32.39,-0.007489592837934,-0.022604060971265,28.23151200417655,31.53361561784376,142.94383239746094
2025-07-24,twelve_day_war_2025,29,70.42,67.16,32.37,0.017910071114413,0.0166658012410057,28.603407364039363,24.80943095999009,199.4794464111328
2025-07-25,twelve_day_war_2025,30,69.23,66.38,32.88,-0.0170430190369723,-0.0116820259175114,29.300322822700117,25.06549610688335,122.90444946289062
2025-07-28,twelve_day_war_2025,31,70.87,67.81,35.37,0.0234129181322305,0.0213138704039222,30.140166085372456,26.02222607271249,142.25750732421875
2025-07-29,twelve_day_war_2025,32,73.21,70.27,38.04,0.0324848108363864,0.0356352885083554,31.20405829011901,28.663459603818804,126.91829681396484
2025-07-30,twelve_day_war_2025,33,73.98,71.09,37.75,0.0104627627457567,0.0116017147372855,31.024967276550058,28.67667299868187,219.11924743652344
2025-07-31,twelve_day_war_2025,34,73.43,70.36,36.78,-0.0074622149407887,-0.0103217600720343,27.304187516589774,29.051177035406944,176.5133819580078
2025-08-01,twelve_day_war_2025,35,70.55,68.39,39.37,-0.0400108931646962,-0.0283983047593527,30.847053509294746,29.169136913098853,179.05772399902344
2025-08-04,twelve_day_war_2025,36,69.56,67.33,38.79,-0.0141319888127406,-0.0156207125528151,31.060066057576297,29.551196793006707,127.9243621826172
2025-08-05,twelve_day_war_2025,37,69.14,66.2,35.3,-0.0060562549926037,-0.0169254396142269,30.68523143570196,29.50180293115871,163.98849487304688
2025-08-06,twelve_day_war_2025,38,67.97,65.38,36.67,-0.0170670031349316,-0.0124640616468981,30.911544539793447,29.57176910597249,133.52000427246094
2025-08-07,twelve_day_war_2025,39,66.99,64.9,35.01,-0.0145230768383707,-0.0073687775860201,31.1380426138151,29.57573151022449,149.1587677001953
2025-08-08,twelve_day_war_2025,40,67.17,64.94,34.06,0.002683364758597,0.0006161429646555,30.40904790938348,28.35139875539972,175.30010986328125
2025-08-11,twelve_day_war_2025,41,67.36,65.03,31.4,0.002824650655298,0.0013849352063605,29.006524542349727,26.37501590011918,176.85165405273438
2025-08-12,twelve_day_war_2025,42,66.8,64.22,30.31,-0.0083482893914712,-0.0125340132196925,28.73571285170915,25.82345264631539,140.1470947265625
2025-08-13,twelve_day_war_2025,43,66.25,63.68,33.82,-0.0082676156762683,-0.0084441471252403,28.69494518808865,25.86969667300318,159.25807189941406
2025-08-14,twelve_day_war_2025,44,68.12,64.99,35.96,0.0278353909281559,0.0203628703701299,30.48844656003487,26.96914055759609,173.33203125
2025-08-15,twelve_day_war_2025,45,67.3,63.78,37.22,-0.0121106191438055,-0.0187937503243458,29.35699867407791,25.917158580418903,139.0772705078125
2025-08-18,twelve_day_war_2025,46,68.18,64.51,32.15,0.012991030059075,0.0113805889622388,29.855357101635,26.430892926529616,224.327392578125
2025-08-19,twelve_day_war_2025,47,66.62,63.38,33.04,-0.0231464339442235,-0.0176718962813756,30.260949389755044,26.91864119271269,135.60218811035156
2025-08-20,twelve_day_war_2025,48,67.61,64.19,32.51,0.0147510683370528,0.0126990810609119,29.11679829153535,27.297704272149943,155.58047485351562
2025-08-21,twelve_day_war_2025,49,68.41,64.56,31.54,0.01176311167032,0.0057475886380066,29.375692645368005,26.410866016551086,122.21123504638672
2025-08-22,twelve_day_war_2025,50,68.29,64.08,30.35,-0.0017556697999086,-0.0074627212015896,28.60026028838412,25.679857769325093,104.53862762451172
2025-08-26,twelve_day_war_2025,51,66.89,63.6,33.73,-0.0207138638426812,-0.0245392030633391,28.87913849383245,26.191008037457152,108.72760772705078
2025-08-27,twelve_day_war_2025,52,67.75,64.49,31.94,0.0127749806294936,0.0138967026762094,27.93618985034072,23.037838203011574,186.89584350585935
2025-08-28,twelve_day_war_2025,53,68.61,64.96,33.98,0.0126138369429891,0.0072615228311365,25.58144655196083,22.7121743318782,170.36062622070312
2025-08-29,twelve_day_war_2025,54,67.83,64.36,32.63,-0.0114337217448112,-0.0092793737292399,25.24205165659734,22.68016497519378,175.66647338867188
2025-09-01,twelve_day_war_2025,55,67.09,,,-0.0109695733831914,,25.32942987557321,,144.02468872070312
2025-09-02,twelve_day_war_2025,56,68.09,65.95,34.28,0.0147953579200786,0.024404557039141,22.55695089962806,22.968836713645647,122.68769073486328
2025-09-03,twelve_day_war_2025,57,67.76,64.36,35.22,-0.0048583091510762,-0.0244045570391412,22.13729423615782,23.82380513521997,187.5038299560547
2025-09-04,twelve_day_war_2025,58,66.41,63.81,35.03,-0.0201244027911767,-0.0085824042439268,23.040264748775314,23.34219882033358,114.8867416381836
2025-09-05,twelve_day_war_2025,59,64.92,62.22,33.33,-0.0226919049062318,-0.0252334264107646,23.58226777533607,24.472402060615096,142.67613220214844
2025-09-08,twelve_day_war_2025,60,65.44,62.6,35.03,0.0079779496481011,0.0060887866365619,23.386443629359597,24.5691197240193,115.21974182128906
2026-02-16,iran_2026_campaign,-10,70.81,,,0.0120765835132813,,37.027610223200135,,72.96404266357422
2026-02-17,iran_2026_campaign,-9,69.77,62.53,42.54,-0.0147961157125374,-0.0082816208317219,37.505571503910616,31.981788550787428,76.59115600585938
2026-02-18,iran_2026_campaign,-8,71.78,65.33,51.49,0.0284017677683159,0.0438049072734524,38.4911223011596,35.02031122485965,122.04196166992188
2026-02-19,iran_2026_campaign,-7,73.17,66.66,56.73,0.0191796151764775,0.0201537240269347,38.36485801715428,35.257734547130475,113.25018310546876
2026-02-20,iran_2026_campaign,-6,72.75,66.69,56.12,-0.0057565948443367,0.0004499437646212,37.609002244798376,35.26983398640519,153.67581176757812
2026-02-23,iran_2026_campaign,-5,71.9,66.36,59.05,-0.0117526413246008,-0.004960551321971,35.717963695084286,34.398722152255736,139.28529357910156
2026-02-24,iran_2026_campaign,-4,71.21,65.62,58.82,-0.0096430067329677,-0.0112139377892881,35.82600471330736,34.136110118779115,197.6758270263672
2026-02-25,iran_2026_campaign,-3,70.69,65.3,58.97,-0.0073291378111707,-0.0048884912505703,33.60273678285328,34.163856704905385,138.26370239257812
2026-02-26,iran_2026_campaign,-2,71.66,65.1,59.8,0.0136285916939449,-0.0030674870678618,33.79863499690833,33.25923646373102,167.3013916015625
2026-02-27,iran_2026_campaign,-1,71.32,66.96,64.68,-0.0047559188818681,0.0281708769666962,33.84535655925482,34.328731777720066,197.1114654541016
2026-03-02,iran_2026_campaign,0,77.24,71.13,68.9,0.079740664565374,0.060413762564204,43.37822212506397,38.52936020592366,500.8071594238281
2026-03-03,iran_2026_campaign,1,83.28,74.48,73.99,0.0752909667463998,0.0460214442233879,42.86901052384738,40.95893878710576,391.0670166015625
2026-03-04,iran_2026_campaign,2,81.56,74.58,75.2,-0.020869478600459,0.0013417417818631,43.243874578941735,36.277009558188205,465.9186401367188
2026-03-05,iran_2026_campaign,3,88.59,80.88,83.83,0.0826800387176865,0.0810941999615411,50.49784769466365,44.01321956664588,413.3631591796875
2026-03-06,iran_2026_campaign,4,95.74,90.77,103.6,0.0776171995404218,0.1153622598263198,54.41142703358119,56.50657976270394,314.7455444335937
2026-03-09,iran_2026_campaign,5,94.35,94.65,100.53,-0.0146249121498037,0.0418570431167961,55.33831385033018,54.98117246635925,372.1300659179688
2026-03-10,iran_2026_campaign,6,89.84,83.71,108.19,-0.0489809613843714,-0.122827432983367,59.48101530778991,73.87712868646868,457.110595703125
2026-03-11,iran_2026_campaign,7,90.98,86.8,120.91,0.0126093917116702,0.0362481769943396,59.27533950525736,74.31326410427235,368.6567077636719
2026-03-12,iran_2026_campaign,8,102.38,95.61,120.22,0.118051678887579,0.0966707954310503,69.71014244045327,79.19788607041991,313.2816162109375
2026-03-13,iran_2026_campaign,9,103.23,98.48,119.02,0.0082681274480617,0.0295760647788434,68.16665706769643,79.1975984842874,322.2753295898437
2026-03-16,iran_2026_campaign,10,101.04,93.39,101.97,-0.0214430304352629,-0.0530692087545715,69.36883152732892,81.62873505336105,259.9399108886719
2026-03-17,iran_2026_campaign,11,108.39,96.01,95.92,0.0702193557854229,0.0276680795879059,71.6810719363455,81.3781816287473,378.0647888183594
2026-03-18,iran_2026_campaign,12,118.09,96.12,97.28,0.0857112117855316,0.0011450581587356,73.90639013590604,81.02980295465692,338.9095764160156
2026-03-19,iran_2026_campaign,13,111.05,96.11,92.68,-0.0614664952727538,-0.0001040420330752,79.72209419032326,80.86426338027877,376.2985534667969
2026-03-20,iran_2026_campaign,14,118.42,98.71,91.85,0.0642570767631936,0.0266928895946035,81.12504477289814,80.91401840106255,328.51910400390625
2026-03-23,iran_2026_campaign,15,103.79,89.33,89.78,-0.1318680001264324,-0.0998488807160488,96.96034001545502,90.6388084025222,301.1425170898437
2026-03-24,iran_2026_campaign,16,108.42,93.18,89.34,0.0436429468549945,0.042195728674903,96.79500592044263,90.87296541030156,402.7986145019531
2026-03-25,iran_2026_campaign,17,109.14,91.51,90.16,0.0066188879258937,-0.0180848504613639,96.33970029614088,91.16449205303935,316.80596923828125
2026-03-26,iran_2026_campaign,18,113.39,96.18,92.37,0.0382017422256624,0.0497731799222297,95.98287869136357,91.56435011220783,288.04937744140625
2026-03-27,iran_2026_campaign,19,121.47,101.26,96.64,0.0688341147284309,0.0514700306922465,97.23679613344342,91.8986990154814,291.1543884277344
2026-03-30,iran_2026_campaign,20,121.88,104.69,95.84,0.0033696354053289,0.0333121357895004,96.96247436823022,91.9662222723828,255.3038787841797
2026-03-31,iran_2026_campaign,21,126.69,102.86,89.39,0.0387062034964536,-0.0176347619844934,95.0950705386693,91.75570455586876,436.38616943359375
2026-04-01,iran_2026_campaign,22,119.56,101.9,91.8,-0.0579248201982247,-0.0093769001180909,97.13970790103669,91.59759874571483,283.073974609375
2026-04-02,iran_2026_campaign,23,127.61,113.23,93.14,0.0651604003301478,0.105429208097269,97.46028985206088,96.61205616673882,323.315673828125
2026-04-07,iran_2026_campaign,24,138.21,114.58,98.79,0.0797955298700503,0.0049871051348032,97.23631722707134,86.93670003704358,266.3714294433594
2026-04-08,iran_2026_campaign,25,122.11,96.17,83.91,-0.1238519897710049,-0.1751558102560413,107.05275249855084,107.3634777319902,283.7581481933594
2026-04-09,iran_2026_campaign,26,119.03,99.62,81.74,-0.025546715665142,0.0352454889207469,107.45577533390193,97.99177404620973,416.4015502929688
2026-04-10,iran_2026_campaign,27,119.07,98.34,78.01,0.0003359932832952,-0.012932085661344,105.3202732520853,97.70406086110032,306.2037353515625
2026-04-13,iran_2026_campaign,28,123.28,100.72,80.55,0.0347466355487766,0.0239135277522982,105.577846529887,92.29224027995166,352.4008178710937
2026-04-14,iran_2026_campaign,29,118.69,93.07,75.35,-0.0379431389434464,-0.0789924915384727,99.974214388712,95.86953475453036,338.13409423828125
2026-04-15,iran_2026_campaign,30,114.93,93.04,72.23,-0.0321918046877464,-0.00032238998721,100.88981355628188,94.1020287690064,256.4920654296875
2026-04-16,iran_2026_campaign,31,116.63,96.46,73.04,0.014683283322291,0.0360989064304167,100.46696046386452,94.4610177547335,338.1448974609375
2026-04-17,iran_2026_campaign,32,98.63,85.91,69.01,-0.1676310557370564,-0.1158281779908606,114.3812453165802,102.65292470035688,306.1118469238281
2026-04-20,iran_2026_campaign,33,103.4,91.06,73.79,0.0472294871084267,0.058218393256671,111.29250298263366,104.98984678756472,219.6177520751953
2026-04-21,iran_2026_campaign,34,106.14,93.64,85.57,0.0261540153254201,0.027939012716074,109.9535224682693,105.03448747548448,164.99378967285156
2026-04-22,iran_2026_campaign,35,113.44,94.76,76.77,0.0665150853840684,0.0118897366678748,110.12800601272174,98.94265886437177,224.8899078369141
2026-04-23,iran_2026_campaign,36,113.25,99.27,78.67,-0.0016762984206739,0.0464960313110457,99.51341182565228,99.16930086835862,241.79324340820312
2026-04-24,iran_2026_campaign,37,111.86,98.42,75.83,-0.0123496749697014,-0.0085993751637982,98.59990589077088,98.96924707408212,258.3458251953125
2026-04-27,iran_2026_campaign,38,113.89,99.89,73.11,0.0179849808928177,0.0148255451062262,98.75293355830392,97.64045356828784,124.87854766845705
2026-04-28,iran_2026_campaign,39,117.62,103.45,70.5,0.0322260187455501,0.0350188236474937,98.49850037435482,96.74826866379333,203.45904541015625
2026-04-29,iran_2026_campaign,40,124.16,110.47,75.96,0.0541119674030986,0.0656555866926317,97.36046859101457,98.73685711893708,248.29116821289065
2026-04-30,iran_2026_campaign,41,124.24,108.64,75.08,0.000644122405523,-0.0167043270737977,97.3568399118039,98.71340334560573,193.47740173339844
2026-05-01,iran_2026_campaign,42,118.26,105.38,75.4,-0.0493295884477477,-0.0304667990292462,97.82613616806952,99.30448665963604,252.04318237304688
2026-05-05,iran_2026_campaign,43,114.51,105.66,74.73,-0.0322234349674357,-0.0380697722414053,96.41209755222935,93.9070705198812,282.2065734863281
2026-05-06,iran_2026_campaign,44,103.7,98.75,72.34,-0.0991600401897664,-0.0676349879549384,98.75286987252696,96.4046825243683,285.3522644042969
2026-05-07,iran_2026_campaign,45,101.82,98.38,72.25,-0.0182955667612917,-0.0037538724140375,93.2205522600112,74.56242102964147,298.7285461425781
2026-05-08,iran_2026_campaign,46,103.48,98.87,72.15,0.0161718088436386,0.004968324541848,84.77069734124115,73.54520101196039,251.37527465820312
2026-05-11,iran_2026_campaign,47,106.11,101.56,75.66,0.0250979345676705,0.026843900927436,85.25505872381103,73.9779276875758,287.3916931152344
2026-05-12,iran_2026_campaign,48,111.37,105.78,75.69,0.0483816995195099,0.040711708801356,87.26823516201328,74.84203347786186,199.55227661132807
2026-05-13,iran_2026_campaign,49,110.28,104.52,70.94,-0.0098354052494128,-0.0119830249854221,86.18653676242022,69.04237279648345,241.5413818359375
2026-05-14,iran_2026_campaign,50,110.91,104.66,68.92,0.0056964754610541,0.0013385602916499,85.4267960207128,69.02704383695743,183.65365600585935
2026-05-15,iran_2026_campaign,51,113.96,108.99,72.35,0.0271284480130573,0.0405391339571585,85.36415476199822,69.29083892269541,231.25473022460935
2026-05-18,iran_2026_campaign,52,116.73,112.25,72.07,0.0240160660348644,0.0294723917211434,85.63278163068586,53.67134649395241,214.63720703125
2026-05-19,iran_2026_campaign,53,114.64,112.09,72.89,-0.0180667921446554,-0.0014264065893596,60.8089161312151,51.22373690139456,212.85574340820312
2026-05-20,iran_2026_campaign,54,108.93,101.69,72.77,-0.0510913094255622,-0.0973731502299579,62.16943621726235,62.75686944184139,239.9445343017578
2026-05-21,iran_2026_campaign,55,105.84,100.2,73.54,-0.0287769542876539,-0.0147607811522816,62.445429487529246,63.009355432605005,201.81610107421875
2026-05-22,iran_2026_campaign,56,106.9,100.35,75.97,0.0099652982242993,0.0014958865915827,57.7354312856316,60.95947078391234,138.5255584716797
2026-05-26,iran_2026_campaign,57,102.75,97.63,65.06,-0.0395949646546556,-0.027479252004767,59.117827222544776,61.66194984166314,172.08143615722656
2026-05-27,iran_2026_campaign,58,97.11,92.35,59.97,-0.0564544967700812,-0.0555991165923311,61.75847255688896,64.24509351038054,215.101806640625
2026-05-28,iran_2026_campaign,59,95.47,92.65,58.3,-0.0170322945963208,0.0032432460861198,61.181119417501705,62.755531638162,217.93209838867188
2026-05-29,iran_2026_campaign,60,92.88,91.16,57.84,-0.0275037246203058,-0.0162127483538854,59.66349640021067,57.26864720960059,210.7997589111328
2026-02-18,iran_2026_closure,-10,71.78,65.33,51.49,0.0284017677683159,0.0438049072734524,38.4911223011596,35.02031122485965,122.04196166992188
2026-02-19,iran_2026_closure,-9,73.17,66.66,56.73,0.0191796151764775,0.0201537240269347,38.36485801715428,35.257734547130475,113.25018310546876
2026-02-20,iran_2026_closure,-8,72.75,66.69,56.12,-0.0057565948443367,0.0004499437646212,37.609002244798376,35.26983398640519,153.67581176757812
2026-02-23,iran_2026_closure,-7,71.9,66.36,59.05,-0.0117526413246008,-0.004960551321971,35.717963695084286,34.398722152255736,139.28529357910156
2026-02-24,iran_2026_closure,-6,71.21,65.62,58.82,-0.0096430067329677,-0.0112139377892881,35.82600471330736,34.136110118779115,197.6758270263672
2026-02-25,iran_2026_closure,-5,70.69,65.3,58.97,-0.0073291378111707,-0.0048884912505703,33.60273678285328,34.163856704905385,138.26370239257812
2026-02-26,iran_2026_closure,-4,71.66,65.1,59.8,0.0136285916939449,-0.0030674870678618,33.79863499690833,33.25923646373102,167.3013916015625
2026-02-27,iran_2026_closure,-3,71.32,66.96,64.68,-0.0047559188818681,0.0281708769666962,33.84535655925482,34.328731777720066,197.1114654541016
2026-03-02,iran_2026_closure,-2,77.24,71.13,68.9,0.079740664565374,0.060413762564204,43.37822212506397,38.52936020592366,500.8071594238281
2026-03-03,iran_2026_closure,-1,83.28,74.48,73.99,0.0752909667463998,0.0460214442233879,42.86901052384738,40.95893878710576,391.0670166015625
2026-03-04,iran_2026_closure,0,81.56,74.58,75.2,-0.020869478600459,0.0013417417818631,43.243874578941735,36.277009558188205,465.9186401367188
2026-03-05,iran_2026_closure,1,88.59,80.88,83.83,0.0826800387176865,0.0810941999615411,50.49784769466365,44.01321956664588,413.3631591796875
2026-03-06,iran_2026_closure,2,95.74,90.77,103.6,0.0776171995404218,0.1153622598263198,54.41142703358119,56.50657976270394,314.7455444335937
2026-03-09,iran_2026_closure,3,94.35,94.65,100.53,-0.0146249121498037,0.0418570431167961,55.33831385033018,54.98117246635925,372.1300659179688
2026-03-10,iran_2026_closure,4,89.84,83.71,108.19,-0.0489809613843714,-0.122827432983367,59.48101530778991,73.87712868646868,457.110595703125
2026-03-11,iran_2026_closure,5,90.98,86.8,120.91,0.0126093917116702,0.0362481769943396,59.27533950525736,74.31326410427235,368.6567077636719
2026-03-12,iran_2026_closure,6,102.38,95.61,120.22,0.118051678887579,0.0966707954310503,69.71014244045327,79.19788607041991,313.2816162109375
2026-03-13,iran_2026_closure,7,103.23,98.48,119.02,0.0082681274480617,0.0295760647788434,68.16665706769643,79.1975984842874,322.2753295898437
2026-03-16,iran_2026_closure,8,101.04,93.39,101.97,-0.0214430304352629,-0.0530692087545715,69.36883152732892,81.62873505336105,259.9399108886719
2026-03-17,iran_2026_closure,9,108.39,96.01,95.92,0.0702193557854229,0.0276680795879059,71.6810719363455,81.3781816287473,378.0647888183594
2026-03-18,iran_2026_closure,10,118.09,96.12,97.28,0.0857112117855316,0.0011450581587356,73.90639013590604,81.02980295465692,338.9095764160156
2026-03-19,iran_2026_closure,11,111.05,96.11,92.68,-0.0614664952727538,-0.0001040420330752,79.72209419032326,80.86426338027877,376.2985534667969
2026-03-20,iran_2026_closure,12,118.42,98.71,91.85,0.0642570767631936,0.0266928895946035,81.12504477289814,80.91401840106255,328.51910400390625
2026-03-23,iran_2026_closure,13,103.79,89.33,89.78,-0.1318680001264324,-0.0998488807160488,96.96034001545502,90.6388084025222,301.1425170898437
2026-03-24,iran_2026_closure,14,108.42,93.18,89.34,0.0436429468549945,0.042195728674903,96.79500592044263,90.87296541030156,402.7986145019531
2026-03-25,iran_2026_closure,15,109.14,91.51,90.16,0.0066188879258937,-0.0180848504613639,96.33970029614088,91.16449205303935,316.80596923828125
2026-03-26,iran_2026_closure,16,113.39,96.18,92.37,0.0382017422256624,0.0497731799222297,95.98287869136357,91.56435011220783,288.04937744140625
2026-03-27,iran_2026_closure,17,121.47,101.26,96.64,0.0688341147284309,0.0514700306922465,97.23679613344342,91.8986990154814,291.1543884277344
2026-03-30,iran_2026_closure,18,121.88,104.69,95.84,0.0033696354053289,0.0333121357895004,96.96247436823022,91.9662222723828,255.3038787841797
2026-03-31,iran_2026_closure,19,126.69,102.86,89.39,0.0387062034964536,-0.0176347619844934,95.0950705386693,91.75570455586876,436.38616943359375
2026-04-01,iran_2026_closure,20,119.56,101.9,91.8,-0.0579248201982247,-0.0093769001180909,97.13970790103669,91.59759874571483,283.073974609375
2026-04-02,iran_2026_closure,21,127.61,113.23,93.14,0.0651604003301478,0.105429208097269,97.46028985206088,96.61205616673882,323.315673828125
2026-04-07,iran_2026_closure,22,138.21,114.58,98.79,0.0797955298700503,0.0049871051348032,97.23631722707134,86.93670003704358,266.3714294433594
2026-04-08,iran_2026_closure,23,122.11,96.17,83.91,-0.1238519897710049,-0.1751558102560413,107.05275249855084,107.3634777319902,283.7581481933594
2026-04-09,iran_2026_closure,24,119.03,99.62,81.74,-0.025546715665142,0.0352454889207469,107.45577533390193,97.99177404620973,416.4015502929688
2026-04-10,iran_2026_closure,25,119.07,98.34,78.01,0.0003359932832952,-0.012932085661344,105.3202732520853,97.70406086110032,306.2037353515625
2026-04-13,iran_2026_closure,26,123.28,100.72,80.55,0.0347466355487766,0.0239135277522982,105.577846529887,92.29224027995166,352.4008178710937
2026-04-14,iran_2026_closure,27,118.69,93.07,75.35,-0.0379431389434464,-0.0789924915384727,99.974214388712,95.86953475453036,338.13409423828125
2026-04-15,iran_2026_closure,28,114.93,93.04,72.23,-0.0321918046877464,-0.00032238998721,100.88981355628188,94.1020287690064,256.4920654296875
2026-04-16,iran_2026_closure,29,116.63,96.46,73.04,0.014683283322291,0.0360989064304167,100.46696046386452,94.4610177547335,338.1448974609375
2026-04-17,iran_2026_closure,30,98.63,85.91,69.01,-0.1676310557370564,-0.1158281779908606,114.3812453165802,102.65292470035688,306.1118469238281
2026-04-20,iran_2026_closure,31,103.4,91.06,73.79,0.0472294871084267,0.058218393256671,111.29250298263366,104.98984678756472,219.6177520751953
2026-04-21,iran_2026_closure,32,106.14,93.64,85.57,0.0261540153254201,0.027939012716074,109.9535224682693,105.03448747548448,164.99378967285156
2026-04-22,iran_2026_closure,33,113.44,94.76,76.77,0.0665150853840684,0.0118897366678748,110.12800601272174,98.94265886437177,224.8899078369141
2026-04-23,iran_2026_closure,34,113.25,99.27,78.67,-0.0016762984206739,0.0464960313110457,99.51341182565228,99.16930086835862,241.79324340820312
2026-04-24,iran_2026_closure,35,111.86,98.42,75.83,-0.0123496749697014,-0.0085993751637982,98.59990589077088,98.96924707408212,258.3458251953125
2026-04-27,iran_2026_closure,36,113.89,99.89,73.11,0.0179849808928177,0.0148255451062262,98.75293355830392,97.64045356828784,124.87854766845705
2026-04-28,iran_2026_closure,37,117.62,103.45,70.5,0.0322260187455501,0.0350188236474937,98.49850037435482,96.74826866379333,203.45904541015625
2026-04-29,iran_2026_closure,38,124.16,110.47,75.96,0.0541119674030986,0.0656555866926317,97.36046859101457,98.73685711893708,248.29116821289065
2026-04-30,iran_2026_closure,39,124.24,108.64,75.08,0.000644122405523,-0.0167043270737977,97.3568399118039,98.71340334560573,193.47740173339844
2026-05-01,iran_2026_closure,40,118.26,105.38,75.4,-0.0493295884477477,-0.0304667990292462,97.82613616806952,99.30448665963604,252.04318237304688
2026-05-05,iran_2026_closure,41,114.51,105.66,74.73,-0.0322234349674357,-0.0380697722414053,96.41209755222935,93.9070705198812,282.2065734863281
2026-05-06,iran_2026_closure,42,103.7,98.75,72.34,-0.0991600401897664,-0.0676349879549384,98.75286987252696,96.4046825243683,285.3522644042969
2026-05-07,iran_2026_closure,43,101.82,98.38,72.25,-0.0182955667612917,-0.0037538724140375,93.2205522600112,74.56242102964147,298.7285461425781
2026-05-08,iran_2026_closure,44,103.48,98.87,72.15,0.0161718088436386,0.004968324541848,84.77069734124115,73.54520101196039,251.37527465820312
2026-05-11,iran_2026_closure,45,106.11,101.56,75.66,0.0250979345676705,0.026843900927436,85.25505872381103,73.9779276875758,287.3916931152344
2026-05-12,iran_2026_closure,46,111.37,105.78,75.69,0.0483816995195099,0.040711708801356,87.26823516201328,74.84203347786186,199.55227661132807
2026-05-13,iran_2026_closure,47,110.28,104.52,70.94,-0.0098354052494128,-0.0119830249854221,86.18653676242022,69.04237279648345,241.5413818359375
2026-05-14,iran_2026_closure,48,110.91,104.66,68.92,0.0056964754610541,0.0013385602916499,85.4267960207128,69.02704383695743,183.65365600585935
2026-05-15,iran_2026_closure,49,113.96,108.99,72.35,0.0271284480130573,0.0405391339571585,85.36415476199822,69.29083892269541,231.25473022460935
2026-05-18,iran_2026_closure,50,116.73,112.25,72.07,0.0240160660348644,0.0294723917211434,85.63278163068586,53.67134649395241,214.63720703125
2026-05-19,iran_2026_closure,51,114.64,112.09,72.89,-0.0180667921446554,-0.0014264065893596,60.8089161312151,51.22373690139456,212.85574340820312
2026-05-20,iran_2026_closure,52,108.93,101.69,72.77,-0.0510913094255622,-0.0973731502299579,62.16943621726235,62.75686944184139,239.9445343017578
2026-05-21,iran_2026_closure,53,105.84,100.2,73.54,-0.0287769542876539,-0.0147607811522816,62.445429487529246,63.009355432605005,201.81610107421875
2026-05-22,iran_2026_closure,54,106.9,100.35,75.97,0.0099652982242993,0.0014958865915827,57.7354312856316,60.95947078391234,138.5255584716797
2026-05-26,iran_2026_closure,55,102.75,97.63,65.06,-0.0395949646546556,-0.027479252004767,59.117827222544776,61.66194984166314,172.08143615722656
2026-05-27,iran_2026_closure,56,97.11,92.35,59.97,-0.0564544967700812,-0.0555991165923311,61.75847255688896,64.24509351038054,215.101806640625
2026-05-28,iran_2026_closure,57,95.47,92.65,58.3,-0.0170322945963208,0.0032432460861198,61.181119417501705,62.755531638162,217.93209838867188
2026-05-29,iran_2026_closure,58,92.88,91.16,57.84,-0.0275037246203058,-0.0162127483538854,59.66349640021067,57.26864720960059,210.7997589111328
2026-06-01,iran_2026_closure,59,98.29,95.96,61.24,0.056613955188902,0.0513152335940102,60.01409665018957,60.87192219417307,150.2460479736328
2026-06-02,iran_2026_closure,60,98.49,97.47,59.53,0.0020327276030728,0.0156132003776248,60.05032831811866,60.62207862048968,213.28402709960935
